store,dept,elasticity,n_obs
1,1,,11
1,2,,11
1,3,,11
1,4,,11
1,5,,11
1,6,,11
1,7,,11
1,8,,11
1,9,,11
1,10,,11
1,11,,11
1,12,,10
1,13,,10
1,14,,10
1,16,,10
1,17,,10
1,18,,10
1,19,,10
1,20,,10
1,21,,10
1,22,,10
1,23,,10
1,24,,10
1,25,,10
1,26,,10
1,27,,10
1,28,,10
1,29,,10
1,30,,10
1,31,,10
1,32,,10
1,33,,10
1,34,,10
1,35,,10
1,36,,10
1,37,,10
1,38,,10
1,40,,10
1,41,,10
1,42,,10
1,44,,10
1,45,,10
1,46,,10
1,47,,4
1,48,,10
1,49,,10
1,51,,10
1,52,,10
1,54,,10
1,55,,10
1,56,,10
1,58,,10
1,59,,10
1,60,,10
1,67,,10
1,71,,10
1,72,,10
1,74,,10
1,78,,1
1,79,,10
1,80,,10
1,81,,10
1,82,,10
1,83,,10
1,85,,10
1,87,,10
1,90,,10
1,91,,10
1,92,,10
1,93,,10
1,94,,10
1,95,,10
1,97,,10
1,98,,10
2,1,,11
2,2,,11
2,3,,11
2,4,,11
2,5,,11
2,6,,11
2,7,,11
2,8,,11
2,9,,11
2,10,,11
2,11,,11
2,12,,10
2,13,,10
2,14,,10
2,16,,10
2,17,,10
2,18,,10
2,19,,10
2,20,,10
2,21,,10
2,22,,10
2,23,,10
2,24,,10
2,25,,10
2,26,,10
2,27,,10
2,28,,10
2,29,,10
2,30,,10
2,31,,10
2,32,,10
2,33,,10
2,34,,10
2,35,,10
2,36,,10
2,37,,10
2,38,,10
2,39,,4
2,40,,10
2,41,,10
2,42,,10
2,44,,10
2,45,,10
2,46,,10
2,48,,10
2,49,,10
2,51,,9
2,52,,10
2,54,,10
2,55,,10
2,56,,10
2,58,,10
2,59,,10
2,60,,1
2,67,,10
2,71,,10
2,72,,10
2,74,,10
2,78,,2
2,79,,10
2,80,,10
2,81,,10
2,82,,10
2,83,,10
2,85,,10
2,87,,10
2,90,,10
2,91,,10
2,92,,10
2,93,,10
2,94,,10
2,95,,10
2,96,,10
2,97,,10
2,98,,10
3,1,,11
3,2,,11
3,3,,11
3,4,,11
3,5,,11
3,6,,11
3,7,,11
3,8,,11
3,9,,11
3,10,,11
3,11,,10
3,12,,10
3,13,,10
3,14,,10
3,16,,10
3,17,,10
3,18,,10
3,19,,10
3,20,,10
3,21,,10
3,22,,10
3,23,,10
3,24,,10
3,25,,10
3,26,,10
3,27,,10
3,28,,10
3,29,,10
3,30,,10
3,31,,10
3,32,,10
3,33,,10
3,34,,10
3,35,,10
3,36,,10
3,38,,10
3,40,,10
3,41,,10
3,42,,10
3,44,,10
3,45,,5
3,46,,10
3,47,,3
3,51,,8
3,52,,10
3,54,,10
3,55,,10
3,56,,10
3,59,,10
3,60,,10
3,67,,10
3,71,,10
3,72,,10
3,74,,10
3,78,,1
3,79,,10
3,81,,10
3,82,,10
3,85,,10
3,87,,10
3,90,,10
3,91,,10
3,92,,10
3,94,,3
3,95,,10
3,96,,10
3,97,,10
4,1,,11
4,2,,11
4,3,,11
4,4,,11
4,5,,11
4,6,,11
4,7,,11
4,8,,11
4,9,,11
4,10,,11
4,11,,11
4,12,,10
4,13,,10
4,14,,10
4,16,,10
4,17,,10
4,18,,10
4,19,,10
4,20,,10
4,21,,10
4,22,,10
4,23,,10
4,24,,10
4,25,,10
4,26,,10
4,27,,10
4,28,,10
4,29,,10
4,30,,10
4,31,,10
4,32,,10
4,33,,10
4,34,,10
4,35,,10
4,36,,10
4,37,,10
4,38,,10
4,40,,10
4,41,,10
4,42,,10
4,44,,10
4,45,,6
4,46,,10
4,47,,3
4,48,,10
4,49,,10
4,51,,8
4,52,,10
4,54,,10
4,55,,10
4,56,,10
4,58,,10
4,59,,10
4,60,,10
4,67,,10
4,71,,10
4,72,,10
4,74,,10
4,78,,5
4,79,,10
4,80,,10
4,81,,10
4,82,,10
4,83,,10
4,85,,10
4,87,,10
4,90,,10
4,91,,10
4,92,,10
4,93,,10
4,94,,10
4,95,,10
4,96,,10
4,97,,10
4,98,,10
4,99,,1
5,1,,11
5,2,,11
5,3,,11
5,4,,11
5,5,,11
5,6,,11
5,7,,11
5,8,,11
5,9,,11
5,10,,11
5,11,,10
5,12,,10
5,13,,10
5,14,,10
5,16,,10
5,17,,10
5,18,,10
5,19,,8
5,20,,10
5,21,,10
5,22,,10
5,23,,10
5,24,,10
5,25,,10
5,26,,10
5,27,,10
5,28,,10
5,29,,10
5,30,,10
5,31,,10
5,32,,10
5,33,,10
5,34,,10
5,35,,10
5,36,,10
5,38,,10
5,40,,10
5,41,,10
5,42,,10
5,44,,10
5,45,,6
5,46,,10
5,47,,2
5,51,,4
5,52,,10
5,54,,10
5,55,,10
5,56,,10
5,58,,8
5,59,,10
5,60,,10
5,67,,10
5,71,,10
5,72,,10
5,74,,10
5,78,,1
5,79,,10
5,81,,10
5,82,,10
5,85,,10
5,87,,10
5,90,,10
5,91,,10
5,92,,10
5,94,,4
5,95,,10
5,96,,10
5,98,,1
6,1,,11
6,2,,11
6,3,,11
6,4,,11
6,5,,11
6,6,,11
6,7,,11
6,8,,11
6,9,,11
6,10,,11
6,11,,11
6,12,,10
6,13,,10
6,14,,10
6,16,,10
6,17,,10
6,18,,10
6,19,,10
6,20,,10
6,21,,10
6,22,,10
6,23,,10
6,24,,10
6,25,,10
6,26,,10
6,27,,10
6,28,,10
6,29,,10
6,30,,10
6,31,,10
6,32,,10
6,33,,10
6,34,,10
6,35,,10
6,36,,10
6,37,,10
6,38,,10
6,40,,10
6,41,,10
6,42,,10
6,44,,10
6,45,,10
6,46,,10
6,47,,3
6,48,,10
6,49,,10
6,51,,8
6,52,,10
6,54,,10
6,55,,10
6,56,,10
6,58,,10
6,59,,10
6,67,,10
6,71,,10
6,72,,10
6,74,,10
6,78,,4
6,79,,10
6,80,,10
6,81,,10
6,82,,10
6,83,,10
6,85,,10
6,87,,10
6,90,,10
6,91,,10
6,92,,10
6,93,,10
6,94,,10
6,95,,10
6,96,,10
6,97,,10
6,98,,10
7,1,,11
7,2,,11
7,3,,11
7,4,,11
7,5,,11
7,6,,11
7,7,,11
7,8,,11
7,9,,11
7,10,,11
7,11,,10
7,12,,10
7,13,,10
7,14,,10
7,16,,10
7,17,,10
7,18,,10
7,19,,10
7,20,,10
7,21,,10
7,22,,10
7,23,,10
7,24,,10
7,25,,10
7,26,,10
7,27,,10
7,28,,10
7,29,,10
7,30,,10
7,31,,10
7,32,,10
7,33,,10
7,34,,10
7,35,,10
7,36,,10
7,38,,10
7,40,,10
7,41,,10
7,42,,10
7,44,,10
7,45,,8
7,46,,10
7,47,,4
7,49,,8
7,51,,10
7,52,,10
7,54,,10
7,55,,10
7,56,,10
7,58,,6
7,59,,10
7,60,,10
7,67,,10
7,71,,10
7,72,,10
7,74,,10
7,79,,10
7,80,,6
7,81,,10
7,82,,10
7,83,,10
7,85,,10
7,87,,10
7,90,,10
7,91,,10
7,92,,10
7,93,,10
7,94,,10
7,95,,10
7,96,,10
7,97,,10
7,98,,10
8,1,,11
8,2,,11
8,3,,11
8,4,,11
8,5,,11
8,6,,11
8,7,,11
8,8,,11
8,9,,11
8,10,,11
8,11,,11
8,12,,10
8,13,,10
8,14,,10
8,16,,10
8,17,,10
8,18,,10
8,19,,10
8,20,,10
8,21,,10
8,22,,10
8,23,,10
8,24,,10
8,25,,10
8,26,,10
8,27,,10
8,28,,10
8,29,,10
8,30,,10
8,31,,10
8,32,,10
8,33,,10
8,34,,10
8,35,,10
8,36,,10
8,37,,10
8,38,,10
8,40,,10
8,41,,10
8,42,,10
8,44,,10
8,45,,4
8,46,,10
8,47,,2
8,49,,10
8,51,,1
8,52,,10
8,54,,10
8,55,,10
8,56,,10
8,58,,10
8,59,,10
8,60,,10
8,67,,10
8,71,,10
8,72,,10
8,74,,10
8,78,,1
8,79,,10
8,80,,10
8,81,,10
8,82,,10
8,83,,10
8,85,,10
8,87,,10
8,90,,10
8,91,,10
8,92,,10
8,93,,10
8,94,,10
8,95,,10
8,97,,10
8,98,,10
9,1,,11
9,2,,11
9,3,,11
9,4,,11
9,5,,11
9,6,,11
9,7,,11
9,8,,11
9,9,,11
9,10,,11
9,11,,11
9,12,,10
9,13,,10
9,14,,10
9,16,,10
9,17,,10
9,18,,10
9,19,,10
9,20,,10
9,21,,10
9,22,,10
9,23,,10
9,24,,10
9,25,,10
9,26,,10
9,27,,10
9,28,,10
9,29,,10
9,30,,10
9,31,,10
9,32,,10
9,33,,10
9,34,,10
9,35,,10
9,36,,10
9,38,,10
9,40,,10
9,41,,10
9,42,,10
9,44,,10
9,45,,5
9,46,,10
9,47,,4
9,49,,1
9,51,,3
9,52,,10
9,54,,10
9,55,,10
9,56,,10
9,59,,10
9,67,,10
9,71,,10
9,72,,10
9,74,,10
9,79,,10
9,80,,2
9,81,,10
9,82,,10
9,85,,10
9,87,,10
9,90,,10
9,91,,10
9,92,,10
9,93,,2
9,94,,2
9,95,,10
9,96,,10
9,97,,8
10,1,,11
10,2,,11
10,3,,11
10,4,,11
10,5,,11
10,6,,11
10,7,,11
10,8,,11
10,9,,11
10,10,,11
10,11,,10
10,12,,10
10,13,,10
10,14,,10
10,16,,10
10,17,,10
10,18,,10
10,19,,10
10,20,,10
10,21,,10
10,22,,10
10,23,,10
10,24,,10
10,25,,10
10,26,,10
10,27,,10
10,28,,10
10,29,,10
10,30,,10
10,31,,10
10,32,,10
10,33,,10
10,34,,10
10,35,,10
10,36,,10
10,37,,10
10,38,,10
10,40,,10
10,41,,10
10,42,,10
10,44,,10
10,45,,10
10,46,,10
10,47,,3
10,48,,10
10,49,,10
10,50,,10
10,51,,9
10,52,,10
10,54,,10
10,55,,10
10,56,,10
10,58,,10
10,59,,10
10,60,,10
10,67,,10
10,71,,10
10,72,,10
10,74,,10
10,78,,3
10,79,,10
10,80,,10
10,81,,10
10,82,,10
10,83,,10
10,85,,10
10,87,,10
10,90,,10
10,91,,10
10,92,,10
10,93,,10
10,94,,10
10,95,,10
10,96,,10
10,97,,10
10,98,,10
11,1,,11
11,2,,11
11,3,,11
11,4,,11
11,5,,11
11,6,,11
11,7,,11
11,8,,11
11,9,,11
11,10,,11
11,11,,11
11,12,,10
11,13,,10
11,14,,10
11,16,,10
11,17,,10
11,18,,10
11,19,,6
11,20,,10
11,21,,10
11,22,,10
11,23,,10
11,24,,10
11,25,,10
11,26,,10
11,27,,10
11,28,,10
11,29,,10
11,30,,10
11,31,,10
11,32,,10
11,33,,10
11,34,,10
11,35,,10
11,36,,10
11,37,,10
11,38,,10
11,40,,10
11,41,,10
11,42,,10
11,44,,10
11,45,,8
11,46,,10
11,47,,1
11,49,,10
11,50,,3
11,51,,10
11,52,,10
11,54,,10
11,55,,10
11,56,,10
11,58,,10
11,59,,10
11,60,,2
11,67,,10
11,71,,10
11,72,,10
11,74,,10
11,78,,2
11,79,,10
11,80,,10
11,81,,10
11,82,,10
11,83,,10
11,85,,10
11,87,,10
11,90,,10
11,91,,10
11,92,,10
11,93,,10
11,94,,10
11,95,,10
11,96,,10
11,97,,10
11,98,,10
12,1,,11
12,2,,11
12,3,,11
12,4,,11
12,5,,11
12,6,,11
12,7,,11
12,8,,11
12,9,,11
12,10,,11
12,11,,11
12,12,,10
12,13,,10
12,14,,10
12,16,,10
12,17,,10
12,18,,10
12,19,,10
12,20,,10
12,21,,10
12,22,,10
12,23,,10
12,24,,10
12,25,,10
12,26,,10
12,27,,10
12,28,,10
12,29,,10
12,30,,10
12,31,,10
12,32,,10
12,33,,10
12,34,,10
12,35,,10
12,36,,10
12,38,,10
12,40,,10
12,41,,10
12,42,,10
12,44,,10
12,45,,10
12,46,,10
12,47,,4
12,49,,3
12,51,,7
12,52,,10
12,54,,10
12,55,,10
12,56,,10
12,58,,10
12,59,,10
12,60,,10
12,67,,10
12,71,,10
12,72,,10
12,74,,10
12,78,,4
12,79,,10
12,80,,8
12,81,,10
12,82,,10
12,83,,10
12,85,,10
12,87,,10
12,90,,10
12,91,,10
12,92,,10
12,93,,10
12,94,,10
12,95,,10
12,97,,10
12,98,,10
13,1,,11
13,2,,11
13,3,,11
13,4,,11
13,5,,11
13,6,,11
13,7,,11
13,8,,11
13,9,,11
13,10,,11
13,11,,11
13,12,,10
13,13,,10
13,14,,10
13,16,,10
13,17,,10
13,18,,10
13,19,,10
13,20,,10
13,21,,10
13,22,,10
13,23,,10
13,24,,10
13,25,,10
13,26,,10
13,27,,10
13,28,,10
13,29,,10
13,30,,10
13,31,,10
13,32,,10
13,33,,10
13,34,,10
13,35,,10
13,36,,10
13,37,,10
13,38,,10
13,40,,10
13,41,,10
13,42,,10
13,44,,10
13,45,,10
13,46,,10
13,47,,3
13,48,,10
13,49,,10
13,50,,10
13,51,,10
13,52,,10
13,54,,10
13,55,,10
13,56,,10
13,58,,10
13,59,,10
13,60,,10
13,67,,10
13,71,,10
13,72,,10
13,74,,10
13,78,,3
13,79,,10
13,80,,10
13,81,,10
13,82,,10
13,83,,10
13,85,,10
13,87,,10
13,90,,10
13,91,,10
13,92,,10
13,93,,10
13,94,,10
13,95,,10
13,96,,10
13,97,,10
13,98,,10
14,1,,11
14,2,,11
14,3,,11
14,4,,11
14,5,,11
14,6,,11
14,7,,11
14,8,,11
14,9,,11
14,10,,11
14,11,,11
14,12,,10
14,13,,10
14,14,,10
14,16,,10
14,17,,10
14,18,,10
14,19,,10
14,20,,10
14,21,,10
14,22,,10
14,23,,10
14,24,,10
14,25,,10
14,26,,10
14,27,,10
14,28,,10
14,29,,10
14,30,,10
14,31,,10
14,32,,10
14,33,,10
14,34,,10
14,35,,10
14,36,,10
14,38,,10
14,40,,10
14,41,,10
14,42,,10
14,43,,1
14,44,,10
14,45,,9
14,46,,10
14,47,,5
14,49,,10
14,50,,10
14,51,,10
14,52,,10
14,54,,10
14,55,,10
14,56,,10
14,58,,10
14,59,,10
14,60,,10
14,67,,10
14,71,,10
14,72,,10
14,74,,10
14,79,,10
14,80,,10
14,81,,10
14,82,,10
14,83,,10
14,85,,10
14,87,,10
14,90,,10
14,91,,10
14,92,,10
14,93,,10
14,94,,10
14,95,,10
14,97,,10
14,98,,10
15,1,,11
15,2,,11
15,3,,11
15,4,,11
15,5,,11
15,6,,11
15,7,,11
15,8,,11
15,9,,11
15,10,,11
15,11,,11
15,12,,10
15,13,,10
15,14,,10
15,16,,10
15,17,,10
15,18,,10
15,19,,10
15,20,,10
15,21,,10
15,22,,10
15,23,,10
15,24,,10
15,25,,10
15,26,,10
15,27,,10
15,28,,10
15,29,,10
15,30,,10
15,31,,10
15,32,,10
15,33,,10
15,34,,10
15,35,,10
15,36,,10
15,38,,10
15,40,,10
15,41,,10
15,42,,10
15,44,,10
15,45,,1
15,46,,10
15,47,,4
15,48,,1
15,49,,10
15,50,,10
15,51,,7
15,52,,10
15,54,,10
15,55,,10
15,56,,10
15,58,,10
15,59,,10
15,67,,10
15,71,,10
15,72,,10
15,74,,10
15,78,,1
15,79,,10
15,80,,10
15,81,,10
15,82,,10
15,83,,10
15,85,,10
15,87,,10
15,90,,10
15,91,,10
15,92,,10
15,93,,10
15,94,,8
15,95,,10
15,96,,10
15,97,,10
15,98,,6
16,1,,11
16,2,,11
16,3,,11
16,4,,11
16,5,,11
16,6,,11
16,7,,11
16,8,,11
16,9,,11
16,10,,11
16,11,,10
16,12,,10
16,13,,10
16,14,,10
16,16,,10
16,17,,10
16,18,,10
16,19,,10
16,20,,10
16,21,,10
16,22,,10
16,23,,10
16,24,,10
16,25,,10
16,26,,10
16,27,,10
16,28,,10
16,29,,10
16,30,,10
16,31,,10
16,32,,10
16,33,,10
16,34,,10
16,35,,10
16,36,,10
16,38,,10
16,40,,10
16,41,,10
16,42,,10
16,44,,10
16,45,,6
16,46,,10
16,51,,9
16,52,,10
16,54,,10
16,55,,10
16,56,,10
16,58,,2
16,59,,10
16,60,,1
16,67,,10
16,71,,10
16,72,,10
16,74,,10
16,79,,10
16,80,,2
16,81,,10
16,82,,10
16,85,,10
16,87,,10
16,90,,10
16,91,,10
16,92,,10
16,94,,10
16,95,,10
16,96,,10
16,97,,10
16,98,,5
17,1,,11
17,2,,11
17,3,,11
17,4,,11
17,5,,11
17,6,,11
17,7,,11
17,8,,11
17,9,,11
17,10,,11
17,11,,11
17,12,,10
17,13,,10
17,14,,10
17,16,,10
17,17,,10
17,18,,10
17,19,,10
17,20,,10
17,21,,10
17,22,,10
17,23,,10
17,24,,10
17,25,,10
17,26,,10
17,27,,10
17,28,,10
17,29,,10
17,30,,10
17,31,,10
17,32,,10
17,33,,10
17,34,,10
17,35,,10
17,36,,10
17,38,,10
17,40,,10
17,41,,8
17,42,,10
17,44,,10
17,45,,9
17,46,,10
17,47,,2
17,48,,10
17,49,,1
17,51,,10
17,52,,10
17,54,,10
17,55,,10
17,56,,10
17,58,,10
17,59,,10
17,60,,10
17,67,,10
17,71,,10
17,72,,10
17,74,,10
17,78,,2
17,79,,10
17,80,,10
17,81,,10
17,82,,10
17,83,,10
17,85,,10
17,87,,10
17,90,,10
17,91,,10
17,92,,10
17,93,,10
17,94,,5
17,95,,10
17,97,,10
17,98,,8
18,1,,11
18,2,,11
18,3,,11
18,4,,11
18,5,,11
18,6,,11
18,7,,11
18,8,,11
18,9,,11
18,10,,11
18,11,,11
18,12,,10
18,13,,10
18,14,,10
18,16,,10
18,17,,10
18,18,,10
18,19,,10
18,20,,10
18,21,,10
18,22,,10
18,23,,10
18,24,,10
18,25,,10
18,26,,10
18,27,,10
18,28,,10
18,29,,10
18,30,,10
18,31,,10
18,32,,10
18,33,,10
18,34,,10
18,35,,10
18,36,,10
18,38,,10
18,40,,10
18,41,,10
18,42,,10
18,44,,10
18,45,,5
18,46,,10
18,48,,1
18,49,,10
18,50,,3
18,51,,6
18,52,,10
18,54,,10
18,55,,10
18,56,,10
18,58,,10
18,59,,10
18,60,,2
18,67,,10
18,71,,10
18,72,,10
18,74,,10
18,78,,4
18,79,,10
18,80,,8
18,81,,10
18,82,,10
18,83,,10
18,85,,10
18,87,,10
18,90,,10
18,91,,10
18,92,,10
18,93,,10
18,94,,8
18,95,,10
18,97,,10
18,98,,8
18,99,,1
19,1,,11
19,2,,11
19,3,,11
19,4,,11
19,5,,11
19,6,,11
19,7,,11
19,8,,11
19,9,,11
19,10,,11
19,11,,11
19,12,,10
19,13,,10
19,14,,10
19,16,,10
19,17,,10
19,18,,10
19,19,,2
19,20,,10
19,21,,10
19,22,,10
19,23,,10
19,24,,10
19,25,,10
19,26,,10
19,27,,10
19,28,,10
19,29,,10
19,30,,10
19,31,,10
19,32,,10
19,33,,10
19,34,,10
19,35,,10
19,36,,10
19,37,,10
19,38,,10
19,40,,10
19,41,,10
19,42,,10
19,44,,10
19,45,,6
19,46,,10
19,48,,1
19,49,,10
19,50,,10
19,51,,8
19,52,,10
19,54,,10
19,55,,10
19,56,,10
19,58,,10
19,59,,10
19,60,,10
19,67,,10
19,71,,10
19,72,,10
19,74,,10
19,78,,2
19,79,,10
19,80,,10
19,81,,10
19,82,,10
19,83,,10
19,85,,10
19,87,,10
19,90,,10
19,91,,10
19,92,,10
19,93,,10
19,94,,10
19,95,,10
19,96,,10
19,97,,10
19,98,,10
19,99,,1
20,1,,11
20,2,,11
20,3,,11
20,4,,11
20,5,,11
20,6,,11
20,7,,11
20,8,,11
20,9,,11
20,10,,11
20,11,,11
20,12,,10
20,13,,10
20,14,,10
20,16,,10
20,17,,10
20,18,,10
20,19,,2
20,20,,10
20,21,,10
20,22,,10
20,23,,10
20,24,,10
20,25,,10
20,26,,10
20,27,,10
20,28,,10
20,29,,10
20,30,,10
20,31,,10
20,32,,10
20,33,,10
20,34,,10
20,35,,10
20,36,,10
20,37,,10
20,38,,10
20,40,,10
20,41,,10
20,42,,10
20,44,,10
20,45,,5
20,46,,10
20,47,,3
20,48,,9
20,49,,10
20,50,,10
20,51,,6
20,52,,10
20,54,,10
20,55,,10
20,56,,10
20,58,,10
20,59,,10
20,60,,10
20,67,,10
20,71,,10
20,72,,10
20,74,,10
20,78,,2
20,79,,10
20,80,,10
20,81,,10
20,82,,10
20,83,,10
20,85,,10
20,87,,10
20,90,,10
20,91,,10
20,92,,10
20,93,,10
20,94,,10
20,95,,10
20,97,,10
20,98,,10
20,99,,1
21,1,,11
21,2,,11
21,3,,11
21,4,,11
21,5,,11
21,6,,11
21,7,,11
21,8,,11
21,9,,11
21,10,,11
21,11,,11
21,12,,10
21,13,,10
21,14,,10
21,16,,10
21,17,,10
21,18,,10
21,19,,10
21,20,,10
21,21,,10
21,22,,10
21,23,,10
21,24,,10
21,25,,10
21,26,,10
21,27,,10
21,28,,10
21,29,,10
21,30,,10
21,31,,10
21,32,,10
21,33,,10
21,34,,10
21,35,,10
21,36,,10
21,38,,10
21,40,,10
21,41,,10
21,42,,10
21,44,,10
21,45,,3
21,46,,10
21,47,,1
21,49,,10
21,51,,2
21,52,,10
21,54,,10
21,55,,10
21,56,,10
21,58,,10
21,59,,10
21,67,,10
21,71,,10
21,72,,10
21,74,,10
21,78,,1
21,79,,10
21,80,,2
21,81,,10
21,82,,10
21,83,,10
21,85,,10
21,87,,10
21,90,,10
21,91,,10
21,92,,10
21,93,,10
21,94,,7
21,95,,10
21,97,,10
21,98,,9
22,1,,11
22,2,,11
22,3,,11
22,4,,11
22,5,,11
22,6,,11
22,7,,11
22,8,,11
22,9,,11
22,10,,11
22,11,,11
22,12,,10
22,13,,10
22,14,,10
22,16,,10
22,17,,10
22,18,,10
22,19,,4
22,20,,10
22,21,,10
22,22,,10
22,23,,10
22,24,,10
22,25,,10
22,26,,10
22,27,,10
22,28,,10
22,29,,10
22,30,,10
22,31,,10
22,32,,10
22,33,,10
22,34,,10
22,35,,10
22,36,,10
22,38,,10
22,40,,10
22,41,,10
22,42,,10
22,44,,10
22,45,,7
22,46,,10
22,47,,1
22,48,,2
22,49,,3
22,51,,10
22,52,,10
22,54,,10
22,55,,10
22,56,,10
22,58,,10
22,59,,10
22,60,,10
22,67,,10
22,71,,10
22,72,,10
22,74,,10
22,78,,5
22,79,,10
22,80,,10
22,81,,10
22,82,,10
22,83,,10
22,85,,10
22,87,,10
22,90,,10
22,91,,10
22,92,,10
22,93,,10
22,94,,4
22,95,,10
22,97,,10
22,98,,9
23,1,,11
23,2,,11
23,3,,11
23,4,,11
23,5,,11
23,6,,11
23,7,,11
23,8,,11
23,9,,11
23,10,,11
23,11,,10
23,12,,10
23,13,,10
23,14,,10
23,16,,10
23,17,,10
23,18,,10
23,19,,10
23,20,,10
23,21,,10
23,22,,10
23,23,,10
23,24,,10
23,25,,10
23,26,,10
23,27,,10
23,28,,10
23,29,,10
23,30,,10
23,31,,10
23,32,,10
23,33,,10
23,34,,10
23,35,,10
23,36,,10
23,38,,10
23,40,,10
23,41,,10
23,42,,10
23,44,,10
23,45,,10
23,46,,10
23,48,,1
23,49,,10
23,50,,10
23,51,,10
23,52,,10
23,54,,10
23,55,,10
23,56,,10
23,58,,10
23,59,,10
23,67,,10
23,71,,10
23,72,,10
23,74,,10
23,78,,1
23,79,,10
23,80,,7
23,81,,10
23,82,,10
23,83,,10
23,85,,10
23,87,,10
23,90,,10
23,91,,10
23,92,,10
23,93,,10
23,94,,10
23,95,,10
23,96,,10
23,97,,10
23,98,,8
24,1,,11
24,2,,11
24,3,,11
24,4,,11
24,5,,11
24,6,,11
24,7,,11
24,8,,11
24,9,,11
24,10,,11
24,11,,11
24,12,,10
24,13,,10
24,14,,10
24,16,,10
24,17,,10
24,18,,10
24,19,,10
24,20,,10
24,21,,10
24,22,,10
24,23,,10
24,24,,10
24,25,,10
24,26,,10
24,27,,10
24,28,,10
24,29,,10
24,30,,10
24,31,,10
24,32,,10
24,33,,10
24,34,,10
24,35,,10
24,36,,10
24,37,,10
24,38,,10
24,40,,10
24,41,,10
24,42,,10
24,44,,10
24,45,,7
24,46,,10
24,47,,1
24,49,,10
24,50,,10
24,51,,4
24,52,,10
24,54,,10
24,55,,10
24,56,,10
24,58,,10
24,59,,10
24,60,,4
24,67,,10
24,71,,10
24,72,,10
24,74,,10
24,78,,4
24,79,,10
24,80,,10
24,81,,10
24,82,,10
24,83,,10
24,85,,10
24,87,,10
24,90,,10
24,91,,10
24,92,,10
24,93,,10
24,94,,10
24,95,,10
24,96,,10
24,97,,10
24,98,,10
25,1,,11
25,2,,11
25,3,,11
25,4,,11
25,5,,11
25,6,,11
25,7,,11
25,8,,11
25,9,,11
25,10,,11
25,11,,10
25,12,,10
25,13,,10
25,14,,10
25,16,,10
25,17,,10
25,18,,10
25,19,,1
25,20,,10
25,21,,10
25,22,,10
25,23,,10
25,24,,10
25,25,,10
25,26,,10
25,27,,10
25,28,,10
25,29,,10
25,30,,10
25,31,,10
25,32,,10
25,33,,10
25,34,,10
25,35,,10
25,36,,10
25,37,,10
25,38,,10
25,40,,10
25,41,,10
25,42,,10
25,44,,10
25,45,,3
25,46,,10
25,47,,3
25,49,,10
25,50,,10
25,51,,4
25,52,,10
25,54,,10
25,55,,10
25,56,,10
25,58,,9
25,59,,10
25,67,,10
25,71,,10
25,72,,10
25,74,,10
25,79,,10
25,80,,9
25,81,,10
25,82,,10
25,83,,10
25,85,,10
25,87,,10
25,90,,10
25,91,,10
25,92,,10
25,93,,10
25,94,,5
25,95,,10
25,97,,10
25,98,,10
26,1,,11
26,2,,11
26,3,,11
26,4,,11
26,5,,11
26,6,,11
26,7,,11
26,8,,11
26,9,,11
26,10,,11
26,11,,11
26,12,,10
26,13,,10
26,14,,10
26,16,,10
26,17,,10
26,18,,10
26,19,,10
26,20,,10
26,21,,10
26,22,,10
26,23,,10
26,24,,10
26,25,,10
26,26,,10
26,27,,10
26,28,,10
26,29,,10
26,30,,10
26,31,,10
26,32,,10
26,33,,10
26,34,,10
26,35,,10
26,36,,10
26,38,,10
26,40,,10
26,41,,10
26,42,,10
26,44,,10
26,45,,9
26,46,,10
26,47,,3
26,48,,1
26,49,,10
26,51,,7
26,52,,10
26,54,,10
26,55,,10
26,56,,10
26,59,,10
26,67,,10
26,71,,10
26,72,,10
26,74,,10
26,78,,1
26,79,,10
26,80,,10
26,81,,10
26,82,,10
26,83,,10
26,85,,10
26,87,,10
26,90,,10
26,91,,10
26,92,,10
26,93,,10
26,94,,10
26,95,,10
26,96,,10
26,97,,10
26,98,,10
27,1,,11
27,2,,11
27,3,,11
27,4,,11
27,5,,11
27,6,,11
27,7,,11
27,8,,11
27,9,,11
27,10,,11
27,11,,11
27,12,,10
27,13,,10
27,14,,10
27,16,,10
27,17,,10
27,18,,10
27,19,,10
27,20,,10
27,21,,10
27,22,,10
27,23,,10
27,24,,10
27,25,,10
27,26,,10
27,27,,10
27,28,,10
27,29,,10
27,30,,10
27,31,,10
27,32,,10
27,33,,10
27,34,,10
27,35,,10
27,36,,10
27,37,,10
27,38,,10
27,40,,10
27,41,,10
27,42,,10
27,44,,10
27,45,,4
27,46,,10
27,47,,3
27,49,,10
27,50,,10
27,51,,2
27,52,,10
27,54,,10
27,55,,10
27,56,,10
27,58,,10
27,59,,10
27,60,,1
27,67,,10
27,71,,10
27,72,,10
27,74,,10
27,78,,1
27,79,,10
27,80,,10
27,81,,10
27,82,,10
27,83,,10
27,85,,10
27,87,,10
27,90,,10
27,91,,10
27,92,,10
27,93,,10
27,94,,10
27,95,,10
27,96,,10
27,97,,10
27,98,,10
27,99,,1
28,1,,11
28,2,,11
28,3,,11
28,4,,11
28,5,,11
28,6,,11
28,7,,11
28,8,,11
28,9,,11
28,10,,11
28,11,,11
28,12,,10
28,13,,10
28,14,,10
28,16,,10
28,17,,10
28,18,,10
28,19,,10
28,20,,10
28,21,,10
28,22,,10
28,23,,10
28,24,,10
28,25,,10
28,26,,10
28,27,,10
28,28,,10
28,29,,10
28,30,,10
28,31,,10
28,32,,10
28,33,,10
28,34,,10
28,35,,10
28,36,,10
28,37,,10
28,38,,10
28,40,,10
28,41,,10
28,42,,10
28,43,,1
28,44,,10
28,45,,3
28,46,,10
28,47,,3
28,49,,10
28,51,,3
28,52,,10
28,54,,10
28,55,,10
28,56,,10
28,58,,10
28,59,,10
28,60,,10
28,67,,10
28,71,,10
28,72,,10
28,74,,10
28,78,,2
28,79,,10
28,80,,10
28,81,,10
28,82,,10
28,83,,10
28,85,,10
28,87,,10
28,90,,10
28,91,,10
28,92,,10
28,93,,10
28,94,,10
28,95,,10
28,96,,10
28,97,,10
28,98,,10
28,99,,1
29,1,,11
29,2,,11
29,3,,11
29,4,,11
29,5,,11
29,6,,11
29,7,,11
29,8,,11
29,9,,11
29,10,,11
29,11,,10
29,12,,10
29,13,,10
29,14,,10
29,16,,10
29,17,,10
29,18,,10
29,19,,4
29,20,,10
29,21,,10
29,22,,10
29,23,,10
29,24,,10
29,25,,10
29,26,,10
29,27,,10
29,28,,10
29,29,,10
29,30,,10
29,31,,10
29,32,,10
29,33,,10
29,34,,10
29,35,,10
29,36,,10
29,38,,10
29,40,,10
29,41,,10
29,42,,10
29,44,,10
29,46,,10
29,47,,2
29,48,,1
29,51,,9
29,52,,10
29,54,,10
29,55,,10
29,56,,10
29,58,,10
29,59,,10
29,60,,3
29,67,,10
29,71,,10
29,72,,10
29,74,,10
29,78,,1
29,79,,10
29,80,,1
29,81,,10
29,82,,10
29,83,,10
29,85,,10
29,87,,10
29,90,,10
29,91,,10
29,92,,10
29,93,,10
29,94,,5
29,95,,10
29,97,,10
29,98,,8
30,1,,11
30,2,,11
30,3,,11
30,4,,11
30,5,,11
30,6,,11
30,7,,11
30,8,,11
30,9,,11
30,10,,11
30,11,,10
30,12,,10
30,13,,10
30,14,,10
30,16,,10
30,17,,10
30,18,,10
30,21,,10
30,23,,2
30,24,,2
30,25,,10
30,26,,1
30,28,,10
30,31,,8
30,32,,8
30,38,,10
30,40,,10
30,41,,6
30,42,,10
30,44,,8
30,46,,10
30,52,,10
30,55,,3
30,56,,6
30,59,,10
30,60,,10
30,67,,10
30,72,,10
30,74,,10
30,79,,10
30,80,,10
30,81,,10
30,82,,10
30,83,,10
30,85,,10
30,87,,10
30,90,,10
30,91,,10
30,92,,10
30,93,,10
30,94,,10
30,95,,10
30,96,,10
30,97,,10
30,98,,10
30,99,,1
31,1,,11
31,2,,11
31,3,,11
31,4,,11
31,5,,11
31,6,,11
31,7,,11
31,8,,11
31,9,,11
31,10,,11
31,11,,11
31,12,,10
31,13,,10
31,14,,10
31,16,,10
31,17,,10
31,18,,10
31,19,,10
31,20,,10
31,21,,10
31,22,,10
31,23,,10
31,24,,10
31,25,,10
31,26,,10
31,27,,10
31,28,,10
31,29,,10
31,30,,10
31,31,,10
31,32,,10
31,33,,10
31,34,,10
31,35,,10
31,36,,10
31,37,,10
31,38,,10
31,40,,10
31,41,,10
31,42,,10
31,44,,10
31,45,,2
31,46,,10
31,47,,2
31,49,,10
31,51,,10
31,52,,10
31,54,,10
31,55,,10
31,56,,10
31,58,,10
31,59,,10
31,67,,10
31,71,,10
31,72,,10
31,74,,10
31,78,,2
31,79,,10
31,80,,10
31,81,,10
31,82,,10
31,83,,10
31,85,,10
31,87,,10
31,90,,10
31,91,,10
31,92,,10
31,93,,10
31,94,,10
31,95,,10
31,96,,10
31,97,,10
31,98,,10
31,99,,2
32,1,,11
32,2,,11
32,3,,11
32,4,,11
32,5,,11
32,6,,11
32,7,,11
32,8,,11
32,9,,11
32,10,,11
32,11,,11
32,12,,10
32,13,,10
32,14,,10
32,16,,10
32,17,,10
32,18,,10
32,19,,10
32,20,,10
32,21,,10
32,22,,10
32,23,,10
32,24,,10
32,25,,10
32,26,,10
32,27,,10
32,28,,10
32,29,,10
32,30,,10
32,31,,10
32,32,,10
32,33,,10
32,34,,10
32,35,,10
32,36,,10
32,37,,10
32,38,,10
32,40,,10
32,41,,10
32,42,,10
32,44,,10
32,45,,5
32,46,,10
32,49,,10
32,51,,10
32,52,,10
32,54,,10
32,55,,10
32,56,,10
32,58,,10
32,59,,10
32,60,,10
32,67,,10
32,71,,10
32,72,,10
32,74,,10
32,78,,1
32,79,,10
32,80,,10
32,81,,10
32,82,,10
32,83,,10
32,85,,10
32,87,,10
32,90,,10
32,91,,10
32,92,,10
32,93,,10
32,94,,10
32,95,,10
32,96,,10
32,97,,10
32,98,,10
32,99,,1
33,1,,11
33,2,,11
33,3,,11
33,4,,11
33,5,,11
33,7,,11
33,8,,11
33,9,,5
33,10,,11
33,11,,10
33,12,,4
33,13,,10
33,14,,10
33,16,,10
33,17,,10
33,18,,8
33,20,,5
33,21,,10
33,25,,6
33,26,,10
33,36,,4
33,38,,10
33,40,,10
33,41,,1
33,46,,10
33,55,,4
33,59,,7
33,60,,10
33,67,,10
33,71,,1
33,74,,10
33,79,,10
33,80,,10
33,81,,10
33,82,,10
33,83,,10
33,87,,10
33,90,,10
33,91,,10
33,92,,10
33,93,,10
33,94,,10
33,95,,10
33,96,,10
33,97,,10
33,98,,10
34,1,,11
34,2,,11
34,3,,11
34,4,,11
34,5,,11
34,6,,11
34,7,,11
34,8,,11
34,9,,11
34,10,,11
34,11,,11
34,12,,10
34,13,,10
34,14,,10
34,16,,10
34,17,,10
34,18,,10
34,19,,5
34,20,,10
34,21,,10
34,22,,10
34,23,,10
34,24,,10
34,25,,10
34,26,,10
34,27,,10
34,28,,10
34,29,,10
34,30,,10
34,31,,10
34,32,,10
34,33,,10
34,34,,10
34,35,,10
34,36,,10
34,37,,10
34,38,,10
34,40,,10
34,41,,10
34,42,,10
34,44,,10
34,45,,6
34,46,,10
34,47,,1
34,48,,9
34,49,,10
34,51,,10
34,52,,10
34,54,,10
34,55,,10
34,56,,10
34,58,,9
34,59,,10
34,65,,10
34,67,,10
34,71,,10
34,72,,10
34,74,,10
34,78,,1
34,79,,10
34,80,,10
34,81,,10
34,82,,10
34,83,,10
34,85,,10
34,87,,10
34,90,,10
34,91,,10
34,92,,10
34,93,,10
34,94,,10
34,95,,10
34,96,,10
34,97,,10
34,98,,10
35,1,,11
35,2,,11
35,3,,11
35,4,,11
35,5,,11
35,6,,11
35,7,,11
35,8,,11
35,9,,11
35,10,,11
35,11,,11
35,12,,10
35,13,,10
35,14,,10
35,16,,10
35,17,,10
35,18,,10
35,20,,10
35,21,,10
35,22,,10
35,23,,10
35,24,,10
35,25,,10
35,26,,10
35,27,,10
35,28,,10
35,29,,10
35,30,,10
35,31,,10
35,32,,10
35,33,,10
35,34,,10
35,35,,10
35,36,,10
35,38,,10
35,40,,10
35,41,,10
35,42,,10
35,44,,10
35,46,,10
35,47,,2
35,51,,10
35,52,,10
35,54,,10
35,55,,10
35,56,,10
35,58,,10
35,59,,10
35,60,,10
35,67,,10
35,71,,10
35,72,,10
35,74,,10
35,78,,4
35,79,,10
35,80,,8
35,81,,10
35,82,,10
35,83,,10
35,85,,10
35,87,,10
35,90,,10
35,91,,10
35,92,,10
35,93,,10
35,94,,3
35,95,,10
35,97,,10
35,98,,9
36,1,,11
36,2,,11
36,3,,11
36,4,,11
36,5,,1
36,7,,11
36,8,,11
36,10,,11
36,11,,9
36,13,,10
36,14,,10
36,16,,10
36,17,,10
36,18,,6
36,20,,8
36,21,,10
36,25,,5
36,26,,10
36,33,,1
36,38,,10
36,40,,10
36,44,,1
36,46,,10
36,55,,10
36,59,,10
36,60,,10
36,67,,10
36,74,,10
36,79,,10
36,80,,10
36,81,,10
36,82,,10
36,83,,10
36,85,,2
36,87,,3
36,90,,10
36,91,,10
36,92,,10
36,93,,10
36,94,,10
36,95,,10
36,96,,10
36,97,,10
36,98,,10
37,1,,11
37,2,,11
37,3,,11
37,4,,11
37,5,,11
37,6,,11
37,7,,11
37,8,,11
37,9,,11
37,10,,11
37,11,,11
37,12,,10
37,13,,10
37,14,,10
37,16,,10
37,17,,10
37,18,,10
37,21,,10
37,24,,1
37,25,,10
37,26,,1
37,28,,10
37,31,,10
37,32,,1
37,38,,10
37,40,,10
37,42,,10
37,44,,1
37,46,,10
37,52,,10
37,55,,6
37,56,,9
37,59,,10
37,60,,10
37,67,,10
37,72,,10
37,74,,10
37,79,,10
37,80,,10
37,81,,10
37,82,,10
37,83,,10
37,85,,10
37,87,,10
37,90,,10
37,91,,10
37,92,,10
37,93,,10
37,94,,10
37,95,,10
37,96,,10
37,97,,10
37,98,,10
38,1,,11
38,2,,11
38,3,,11
38,4,,11
38,5,,11
38,6,,11
38,7,,11
38,8,,11
38,9,,11
38,10,,11
38,11,,10
38,12,,10
38,13,,10
38,14,,10
38,16,,10
38,17,,10
38,18,,10
38,20,,3
38,21,,10
38,23,,3
38,25,,10
38,26,,3
38,28,,10
38,29,,1
38,31,,7
38,32,,9
38,33,,1
38,34,,1
38,38,,10
38,40,,10
38,42,,10
38,44,,3
38,46,,10
38,52,,10
38,55,,1
38,56,,6
38,59,,10
38,60,,10
38,67,,10
38,72,,10
38,74,,10
38,79,,10
38,80,,10
38,81,,10
38,82,,10
38,83,,10
38,85,,10
38,87,,10
38,90,,10
38,91,,10
38,92,,10
38,93,,10
38,94,,10
38,95,,10
38,96,,10
38,97,,10
38,98,,10
39,1,,11
39,2,,11
39,3,,11
39,4,,11
39,5,,11
39,6,,11
39,7,,11
39,8,,11
39,9,,11
39,10,,11
39,11,,11
39,12,,10
39,13,,10
39,14,,10
39,16,,10
39,17,,10
39,18,,10
39,20,,10
39,21,,10
39,22,,10
39,23,,10
39,24,,10
39,25,,10
39,26,,10
39,27,,10
39,28,,10
39,29,,10
39,30,,10
39,31,,10
39,32,,10
39,33,,10
39,34,,10
39,35,,10
39,36,,10
39,38,,10
39,40,,10
39,41,,10
39,42,,10
39,44,,10
39,45,,7
39,46,,10
39,47,,1
39,49,,10
39,51,,9
39,52,,10
39,54,,10
39,55,,10
39,56,,10
39,58,,10
39,59,,10
39,67,,10
39,71,,10
39,72,,10
39,74,,10
39,78,,2
39,79,,10
39,80,,10
39,81,,10
39,82,,10
39,83,,10
39,85,,10
39,87,,10
39,90,,10
39,91,,10
39,92,,10
39,93,,10
39,94,,10
39,95,,10
39,96,,10
39,97,,10
39,98,,10
39,99,,2
40,1,,11
40,2,,11
40,3,,11
40,4,,11
40,5,,11
40,6,,11
40,7,,11
40,8,,11
40,9,,11
40,10,,11
40,11,,11
40,12,,10
40,13,,10
40,14,,10
40,16,,10
40,17,,10
40,18,,10
40,20,,10
40,21,,10
40,22,,10
40,23,,10
40,24,,10
40,25,,10
40,26,,10
40,27,,10
40,28,,10
40,29,,10
40,30,,10
40,31,,10
40,32,,10
40,33,,10
40,34,,10
40,35,,10
40,36,,10
40,37,,10
40,38,,10
40,40,,10
40,41,,10
40,42,,10
40,44,,10
40,45,,10
40,46,,10
40,47,,3
40,48,,10
40,49,,2
40,51,,7
40,52,,10
40,54,,10
40,55,,10
40,56,,10
40,59,,10
40,60,,10
40,67,,10
40,71,,10
40,72,,10
40,74,,10
40,78,,1
40,79,,10
40,80,,10
40,81,,10
40,82,,10
40,83,,10
40,85,,10
40,87,,10
40,90,,10
40,91,,10
40,92,,10
40,93,,10
40,94,,10
40,95,,10
40,96,,10
40,97,,10
40,98,,10
41,1,,11
41,2,,11
41,3,,11
41,4,,11
41,5,,11
41,6,,11
41,7,,11
41,8,,11
41,9,,11
41,10,,11
41,11,,11
41,12,,10
41,13,,10
41,14,,10
41,16,,10
41,17,,10
41,18,,10
41,19,,2
41,20,,10
41,21,,10
41,22,,10
41,23,,10
41,24,,10
41,25,,10
41,26,,10
41,27,,10
41,28,,10
41,29,,10
41,30,,10
41,31,,10
41,32,,10
41,33,,10
41,34,,10
41,35,,10
41,36,,10
41,38,,10
41,40,,10
41,41,,10
41,42,,10
41,44,,10
41,45,,9
41,46,,10
41,47,,4
41,48,,1
41,49,,10
41,51,,10
41,52,,10
41,54,,10
41,55,,10
41,56,,10
41,58,,10
41,59,,10
41,60,,10
41,67,,10
41,71,,10
41,72,,10
41,74,,10
41,78,,1
41,79,,10
41,80,,10
41,81,,10
41,82,,10
41,83,,10
41,85,,10
41,87,,10
41,90,,10
41,91,,10
41,92,,10
41,93,,10
41,94,,10
41,95,,10
41,96,,10
41,97,,10
41,98,,10
42,1,,11
42,2,,11
42,3,,11
42,4,,11
42,5,,11
42,7,,11
42,8,,11
42,9,,11
42,10,,11
42,11,,10
42,12,,10
42,13,,10
42,14,,10
42,16,,10
42,17,,10
42,18,,10
42,21,,10
42,25,,10
42,28,,10
42,31,,10
42,32,,10
42,33,,1
42,38,,10
42,40,,10
42,42,,10
42,44,,5
42,46,,10
42,52,,10
42,55,,2
42,56,,5
42,59,,10
42,60,,10
42,67,,10
42,74,,10
42,79,,10
42,80,,10
42,81,,10
42,82,,10
42,83,,10
42,85,,10
42,87,,9
42,90,,10
42,91,,10
42,92,,10
42,93,,10
42,94,,10
42,95,,10
42,96,,10
42,97,,10
42,98,,10
43,1,,11
43,2,,11
43,3,,11
43,4,,11
43,5,,2
43,6,,11
43,7,,11
43,8,,11
43,9,,11
43,10,,11
43,11,,10
43,12,,10
43,13,,10
43,14,,10
43,16,,10
43,17,,10
43,18,,10
43,21,,10
43,25,,10
43,26,,4
43,28,,10
43,31,,6
43,32,,7
43,33,,2
43,38,,10
43,40,,10
43,42,,10
43,46,,10
43,52,,10
43,56,,6
43,59,,10
43,60,,10
43,67,,10
43,72,,10
43,74,,10
43,79,,10
43,80,,10
43,81,,10
43,82,,10
43,83,,10
43,85,,10
43,87,,8
43,90,,10
43,91,,10
43,92,,10
43,93,,10
43,94,,10
43,95,,10
43,96,,10
43,97,,10
43,98,,10
44,1,,11
44,2,,11
44,3,,11
44,4,,11
44,5,,11
44,6,,11
44,7,,11
44,8,,11
44,9,,11
44,10,,11
44,11,,10
44,12,,10
44,13,,10
44,14,,10
44,16,,10
44,17,,10
44,18,,10
44,21,,10
44,23,,7
44,25,,10
44,28,,10
44,31,,5
44,32,,7
44,38,,10
44,40,,10
44,42,,10
44,44,,1
44,46,,10
44,52,,10
44,55,,6
44,56,,5
44,59,,10
44,60,,10
44,67,,10
44,72,,10
44,74,,10
44,79,,10
44,80,,10
44,81,,10
44,82,,10
44,83,,10
44,85,,8
44,87,,10
44,90,,10
44,91,,10
44,92,,10
44,93,,10
44,94,,10
44,95,,10
44,96,,10
44,97,,10
44,98,,10
44,99,,1
45,1,,11
45,2,,11
45,3,,11
45,4,,11
45,5,,11
45,6,,11
45,7,,11
45,8,,11
45,9,,11
45,10,,11
45,11,,11
45,12,,10
45,13,,10
45,14,,10
45,16,,10
45,17,,10
45,18,,10
45,19,,10
45,20,,10
45,21,,10
45,22,,10
45,23,,10
45,24,,10
45,25,,10
45,26,,10
45,27,,10
45,28,,10
45,29,,10
45,30,,10
45,31,,10
45,32,,10
45,33,,10
45,34,,10
45,35,,10
45,36,,10
45,38,,10
45,40,,10
45,41,,10
45,42,,10
45,44,,10
45,45,,2
45,46,,10
45,47,,1
45,51,,6
45,52,,10
45,54,,10
45,55,,10
45,56,,10
45,58,,10
45,59,,10
45,60,,10
45,67,,10
45,71,,10
45,72,,10
45,74,,10
45,78,,4
45,79,,10
45,80,,7
45,81,,10
45,82,,10
45,83,,10
45,85,,10
45,87,,10
45,90,,10
45,91,,10
45,92,,10
45,93,,10
45,94,,7
45,95,,10
45,97,,10
45,98,,10
