store,dept,date,ensemble,base_price,elasticity,recent_avg_weekly,estimated_weeks_to_stockout,stockout_risk,forecast_price_-20,forecast_price_-10,forecast_price_0,forecast_price_10,forecast_price_20
14,92,2010-04-17,198443.672,18058.866,-0.5,192321.1825,4,Medium,221866.7701483358,209177.99692246044,198443.672,189208.61732452302,181153.45924759388
14,92,2010-04-24,198443.672,18058.866,-0.5,192321.1825,4,Medium,221866.7701483358,209177.99692246044,198443.672,189208.61732452302,181153.45924759388
14,92,2010-05-01,198443.672,18058.866,-0.5,192321.1825,4,Medium,221866.7701483358,209177.99692246044,198443.672,189208.61732452302,181153.45924759388
14,92,2010-05-08,198443.672,18058.866,-0.5,192321.1825,4,Medium,221866.7701483358,209177.99692246044,198443.672,189208.61732452302,181153.45924759388
14,92,2010-05-15,198443.672,18058.866,-0.5,192321.1825,4,Medium,221866.7701483358,209177.99692246044,198443.672,189208.61732452302,181153.45924759388
14,92,2010-05-22,198443.672,18058.866,-0.5,192321.1825,4,Medium,221866.7701483358,209177.99692246044,198443.672,189208.61732452302,181153.45924759388
14,92,2010-05-29,198443.672,18058.866,-0.5,192321.1825,4,Medium,221866.7701483358,209177.99692246044,198443.672,189208.61732452302,181153.45924759388
14,92,2010-06-05,198443.672,18058.866,-0.5,192321.1825,4,Medium,221866.7701483358,209177.99692246044,198443.672,189208.61732452302,181153.45924759388
14,92,2010-06-12,198443.672,18058.866,-0.5,192321.1825,4,Medium,221866.7701483358,209177.99692246044,198443.672,189208.61732452302,181153.45924759388
14,92,2010-06-19,198443.672,18058.866,-0.5,192321.1825,4,Medium,221866.7701483358,209177.99692246044,198443.672,189208.61732452302,181153.45924759388
14,92,2010-06-26,198443.672,18058.866,-0.5,192321.1825,4,Medium,221866.7701483358,209177.99692246044,198443.672,189208.61732452302,181153.45924759388
14,92,2010-07-03,198443.672,18058.866,-0.5,192321.1825,4,Medium,221866.7701483358,209177.99692246044,198443.672,189208.61732452302,181153.45924759388
10,72,2010-04-17,166136.66000000003,13525.844,-0.5,153273.20875,4,Medium,185746.43265738516,175123.41615099658,166136.66000000003,158405.09001221464,151661.3271842771
10,72,2010-04-24,166136.66000000003,13525.844,-0.5,153273.20875,4,Medium,185746.43265738516,175123.41615099658,166136.66000000003,158405.09001221464,151661.3271842771
10,72,2010-05-01,166136.66000000003,13525.844,-0.5,153273.20875,4,Medium,185746.43265738516,175123.41615099658,166136.66000000003,158405.09001221464,151661.3271842771
10,72,2010-05-08,166136.66000000003,13525.844,-0.5,153273.20875,4,Medium,185746.43265738516,175123.41615099658,166136.66000000003,158405.09001221464,151661.3271842771
10,72,2010-05-15,166136.66000000003,13525.844,-0.5,153273.20875,4,Medium,185746.43265738516,175123.41615099658,166136.66000000003,158405.09001221464,151661.3271842771
10,72,2010-05-22,166136.66000000003,13525.844,-0.5,153273.20875,4,Medium,185746.43265738516,175123.41615099658,166136.66000000003,158405.09001221464,151661.3271842771
10,72,2010-05-29,166136.66000000003,13525.844,-0.5,153273.20875,4,Medium,185746.43265738516,175123.41615099658,166136.66000000003,158405.09001221464,151661.3271842771
10,72,2010-06-05,166136.66000000003,13525.844,-0.5,153273.20875,4,Medium,185746.43265738516,175123.41615099658,166136.66000000003,158405.09001221464,151661.3271842771
10,72,2010-06-12,166136.66000000003,13525.844,-0.5,153273.20875,4,Medium,185746.43265738516,175123.41615099658,166136.66000000003,158405.09001221464,151661.3271842771
10,72,2010-06-19,166136.66000000003,13525.844,-0.5,153273.20875,4,Medium,185746.43265738516,175123.41615099658,166136.66000000003,158405.09001221464,151661.3271842771
10,72,2010-06-26,166136.66000000003,13525.844,-0.5,153273.20875,4,Medium,185746.43265738516,175123.41615099658,166136.66000000003,158405.09001221464,151661.3271842771
10,72,2010-07-03,166136.66000000003,13525.844,-0.5,153273.20875,4,Medium,185746.43265738516,175123.41615099658,166136.66000000003,158405.09001221464,151661.3271842771
2,92,2010-04-17,164700.29500000004,15624.585,-0.5,160734.64625,4,Medium,184140.52776713442,173609.35450054734,164700.29500000004,157035.56972021292,150350.11133209226
2,92,2010-04-24,164700.29500000004,15624.585,-0.5,160734.64625,4,Medium,184140.52776713442,173609.35450054734,164700.29500000004,157035.56972021292,150350.11133209226
2,92,2010-05-01,164700.29500000004,15624.585,-0.5,160734.64625,4,Medium,184140.52776713442,173609.35450054734,164700.29500000004,157035.56972021292,150350.11133209226
2,92,2010-05-08,164700.29500000004,15624.585,-0.5,160734.64625,4,Medium,184140.52776713442,173609.35450054734,164700.29500000004,157035.56972021292,150350.11133209226
2,92,2010-05-15,164700.29500000004,15624.585,-0.5,160734.64625,4,Medium,184140.52776713442,173609.35450054734,164700.29500000004,157035.56972021292,150350.11133209226
2,92,2010-05-22,164700.29500000004,15624.585,-0.5,160734.64625,4,Medium,184140.52776713442,173609.35450054734,164700.29500000004,157035.56972021292,150350.11133209226
2,92,2010-05-29,164700.29500000004,15624.585,-0.5,160734.64625,4,Medium,184140.52776713442,173609.35450054734,164700.29500000004,157035.56972021292,150350.11133209226
2,92,2010-06-05,164700.29500000004,15624.585,-0.5,160734.64625,4,Medium,184140.52776713442,173609.35450054734,164700.29500000004,157035.56972021292,150350.11133209226
2,92,2010-06-12,164700.29500000004,15624.585,-0.5,160734.64625,4,Medium,184140.52776713442,173609.35450054734,164700.29500000004,157035.56972021292,150350.11133209226
2,92,2010-06-19,164700.29500000004,15624.585,-0.5,160734.64625,4,Medium,184140.52776713442,173609.35450054734,164700.29500000004,157035.56972021292,150350.11133209226
2,92,2010-06-26,164700.29500000004,15624.585,-0.5,160734.64625,4,Medium,184140.52776713442,173609.35450054734,164700.29500000004,157035.56972021292,150350.11133209226
2,92,2010-07-03,164700.29500000004,15624.585,-0.5,160734.64625,4,Medium,184140.52776713442,173609.35450054734,164700.29500000004,157035.56972021292,150350.11133209226
20,92,2010-04-17,159149.48800000004,14122.471,-0.5,153278.43625,4,Medium,177934.53687614357,167758.29017654524,159149.48800000004,151743.08290559036,145282.94098832962
20,92,2010-04-24,159149.48800000004,14122.471,-0.5,153278.43625,4,Medium,177934.53687614357,167758.29017654524,159149.48800000004,151743.08290559036,145282.94098832962
20,92,2010-05-01,159149.48800000004,14122.471,-0.5,153278.43625,4,Medium,177934.53687614357,167758.29017654524,159149.48800000004,151743.08290559036,145282.94098832962
20,92,2010-05-08,159149.48800000004,14122.471,-0.5,153278.43625,4,Medium,177934.53687614357,167758.29017654524,159149.48800000004,151743.08290559036,145282.94098832962
20,92,2010-05-15,159149.48800000004,14122.471,-0.5,153278.43625,4,Medium,177934.53687614357,167758.29017654524,159149.48800000004,151743.08290559036,145282.94098832962
20,92,2010-05-22,159149.48800000004,14122.471,-0.5,153278.43625,4,Medium,177934.53687614357,167758.29017654524,159149.48800000004,151743.08290559036,145282.94098832962
20,92,2010-05-29,159149.48800000004,14122.471,-0.5,153278.43625,4,Medium,177934.53687614357,167758.29017654524,159149.48800000004,151743.08290559036,145282.94098832962
20,92,2010-06-05,159149.48800000004,14122.471,-0.5,153278.43625,4,Medium,177934.53687614357,167758.29017654524,159149.48800000004,151743.08290559036,145282.94098832962
20,92,2010-06-12,159149.48800000004,14122.471,-0.5,153278.43625,4,Medium,177934.53687614357,167758.29017654524,159149.48800000004,151743.08290559036,145282.94098832962
20,92,2010-06-19,159149.48800000004,14122.471,-0.5,153278.43625,4,Medium,177934.53687614357,167758.29017654524,159149.48800000004,151743.08290559036,145282.94098832962
20,92,2010-06-26,159149.48800000004,14122.471,-0.5,153278.43625,4,Medium,177934.53687614357,167758.29017654524,159149.48800000004,151743.08290559036,145282.94098832962
20,92,2010-07-03,159149.48800000004,14122.471,-0.5,153278.43625,4,Medium,177934.53687614357,167758.29017654524,159149.48800000004,151743.08290559036,145282.94098832962
14,95,2010-04-17,154458.26,15125.388,-0.5,152144.83000000002,4,Medium,172689.58452316836,162813.30167549307,154458.26,147270.1725099689,141000.45532499652
14,95,2010-04-24,154458.26,15125.388,-0.5,152144.83000000002,4,Medium,172689.58452316836,162813.30167549307,154458.26,147270.1725099689,141000.45532499652
14,95,2010-05-01,154458.26,15125.388,-0.5,152144.83000000002,4,Medium,172689.58452316836,162813.30167549307,154458.26,147270.1725099689,141000.45532499652
14,95,2010-05-08,154458.26,15125.388,-0.5,152144.83000000002,4,Medium,172689.58452316836,162813.30167549307,154458.26,147270.1725099689,141000.45532499652
14,95,2010-05-15,154458.26,15125.388,-0.5,152144.83000000002,4,Medium,172689.58452316836,162813.30167549307,154458.26,147270.1725099689,141000.45532499652
14,95,2010-05-22,154458.26,15125.388,-0.5,152144.83000000002,4,Medium,172689.58452316836,162813.30167549307,154458.26,147270.1725099689,141000.45532499652
14,95,2010-05-29,154458.26,15125.388,-0.5,152144.83000000002,4,Medium,172689.58452316836,162813.30167549307,154458.26,147270.1725099689,141000.45532499652
14,95,2010-06-05,154458.26,15125.388,-0.5,152144.83000000002,4,Medium,172689.58452316836,162813.30167549307,154458.26,147270.1725099689,141000.45532499652
14,95,2010-06-12,154458.26,15125.388,-0.5,152144.83000000002,4,Medium,172689.58452316836,162813.30167549307,154458.26,147270.1725099689,141000.45532499652
14,95,2010-06-19,154458.26,15125.388,-0.5,152144.83000000002,4,Medium,172689.58452316836,162813.30167549307,154458.26,147270.1725099689,141000.45532499652
14,95,2010-06-26,154458.26,15125.388,-0.5,152144.83000000002,4,Medium,172689.58452316836,162813.30167549307,154458.26,147270.1725099689,141000.45532499652
14,95,2010-07-03,154458.26,15125.388,-0.5,152144.83000000002,4,Medium,172689.58452316836,162813.30167549307,154458.26,147270.1725099689,141000.45532499652
27,92,2010-04-17,154077.636,15169.149,-0.5,150819.155,4,Medium,172264.0339542344,162412.08875145175,154077.636,146907.26176539986,140652.99474045009
27,92,2010-04-24,154077.636,15169.149,-0.5,150819.155,4,Medium,172264.0339542344,162412.08875145175,154077.636,146907.26176539986,140652.99474045009
27,92,2010-05-01,154077.636,15169.149,-0.5,150819.155,4,Medium,172264.0339542344,162412.08875145175,154077.636,146907.26176539986,140652.99474045009
27,92,2010-05-08,154077.636,15169.149,-0.5,150819.155,4,Medium,172264.0339542344,162412.08875145175,154077.636,146907.26176539986,140652.99474045009
27,92,2010-05-15,154077.636,15169.149,-0.5,150819.155,4,Medium,172264.0339542344,162412.08875145175,154077.636,146907.26176539986,140652.99474045009
27,92,2010-05-22,154077.636,15169.149,-0.5,150819.155,4,Medium,172264.0339542344,162412.08875145175,154077.636,146907.26176539986,140652.99474045009
27,92,2010-05-29,154077.636,15169.149,-0.5,150819.155,4,Medium,172264.0339542344,162412.08875145175,154077.636,146907.26176539986,140652.99474045009
27,92,2010-06-05,154077.636,15169.149,-0.5,150819.155,4,Medium,172264.0339542344,162412.08875145175,154077.636,146907.26176539986,140652.99474045009
27,92,2010-06-12,154077.636,15169.149,-0.5,150819.155,4,Medium,172264.0339542344,162412.08875145175,154077.636,146907.26176539986,140652.99474045009
27,92,2010-06-19,154077.636,15169.149,-0.5,150819.155,4,Medium,172264.0339542344,162412.08875145175,154077.636,146907.26176539986,140652.99474045009
27,92,2010-06-26,154077.636,15169.149,-0.5,150819.155,4,Medium,172264.0339542344,162412.08875145175,154077.636,146907.26176539986,140652.99474045009
27,92,2010-07-03,154077.636,15169.149,-0.5,150819.155,4,Medium,172264.0339542344,162412.08875145175,154077.636,146907.26176539986,140652.99474045009
13,92,2010-04-17,152522.369,14034.266,-0.5,150614.51625000002,4,Medium,170525.1925866533,160772.69338821937,152522.369,145424.37286461165,139233.23670904446
13,92,2010-04-24,152522.369,14034.266,-0.5,150614.51625000002,4,Medium,170525.1925866533,160772.69338821937,152522.369,145424.37286461165,139233.23670904446
13,92,2010-05-01,152522.369,14034.266,-0.5,150614.51625000002,4,Medium,170525.1925866533,160772.69338821937,152522.369,145424.37286461165,139233.23670904446
13,92,2010-05-08,152522.369,14034.266,-0.5,150614.51625000002,4,Medium,170525.1925866533,160772.69338821937,152522.369,145424.37286461165,139233.23670904446
13,92,2010-05-15,152522.369,14034.266,-0.5,150614.51625000002,4,Medium,170525.1925866533,160772.69338821937,152522.369,145424.37286461165,139233.23670904446
13,92,2010-05-22,152522.369,14034.266,-0.5,150614.51625000002,4,Medium,170525.1925866533,160772.69338821937,152522.369,145424.37286461165,139233.23670904446
13,92,2010-05-29,152522.369,14034.266,-0.5,150614.51625000002,4,Medium,170525.1925866533,160772.69338821937,152522.369,145424.37286461165,139233.23670904446
13,92,2010-06-05,152522.369,14034.266,-0.5,150614.51625000002,4,Medium,170525.1925866533,160772.69338821937,152522.369,145424.37286461165,139233.23670904446
13,92,2010-06-12,152522.369,14034.266,-0.5,150614.51625000002,4,Medium,170525.1925866533,160772.69338821937,152522.369,145424.37286461165,139233.23670904446
13,92,2010-06-19,152522.369,14034.266,-0.5,150614.51625000002,4,Medium,170525.1925866533,160772.69338821937,152522.369,145424.37286461165,139233.23670904446
13,92,2010-06-26,152522.369,14034.266,-0.5,150614.51625000002,4,Medium,170525.1925866533,160772.69338821937,152522.369,145424.37286461165,139233.23670904446
13,92,2010-07-03,152522.369,14034.266,-0.5,150614.51625000002,4,Medium,170525.1925866533,160772.69338821937,152522.369,145424.37286461165,139233.23670904446
4,92,2010-04-17,148951.449,13523.13,-0.5,145042.725,4,Medium,166532.7826555465,157008.6132074699,148951.449,142019.63423542277,135973.44765063387
4,92,2010-04-24,148951.449,13523.13,-0.5,145042.725,4,Medium,166532.7826555465,157008.6132074699,148951.449,142019.63423542277,135973.44765063387
4,92,2010-05-01,148951.449,13523.13,-0.5,145042.725,4,Medium,166532.7826555465,157008.6132074699,148951.449,142019.63423542277,135973.44765063387
4,92,2010-05-08,148951.449,13523.13,-0.5,145042.725,4,Medium,166532.7826555465,157008.6132074699,148951.449,142019.63423542277,135973.44765063387
4,92,2010-05-15,148951.449,13523.13,-0.5,145042.725,4,Medium,166532.7826555465,157008.6132074699,148951.449,142019.63423542277,135973.44765063387
4,92,2010-05-22,148951.449,13523.13,-0.5,145042.725,4,Medium,166532.7826555465,157008.6132074699,148951.449,142019.63423542277,135973.44765063387
4,92,2010-05-29,148951.449,13523.13,-0.5,145042.725,4,Medium,166532.7826555465,157008.6132074699,148951.449,142019.63423542277,135973.44765063387
4,92,2010-06-05,148951.449,13523.13,-0.5,145042.725,4,Medium,166532.7826555465,157008.6132074699,148951.449,142019.63423542277,135973.44765063387
4,92,2010-06-12,148951.449,13523.13,-0.5,145042.725,4,Medium,166532.7826555465,157008.6132074699,148951.449,142019.63423542277,135973.44765063387
4,92,2010-06-19,148951.449,13523.13,-0.5,145042.725,4,Medium,166532.7826555465,157008.6132074699,148951.449,142019.63423542277,135973.44765063387
4,92,2010-06-26,148951.449,13523.13,-0.5,145042.725,4,Medium,166532.7826555465,157008.6132074699,148951.449,142019.63423542277,135973.44765063387
4,92,2010-07-03,148951.449,13523.13,-0.5,145042.725,4,Medium,166532.7826555465,157008.6132074699,148951.449,142019.63423542277,135973.44765063387
20,95,2010-04-17,145341.53600000002,14579.06,-0.5,142397.7625,4,Medium,162496.77722511647,153203.43079578612,145341.53600000002,138577.71723949147,132678.063016082
20,95,2010-04-24,145341.53600000002,14579.06,-0.5,142397.7625,4,Medium,162496.77722511647,153203.43079578612,145341.53600000002,138577.71723949147,132678.063016082
20,95,2010-05-01,145341.53600000002,14579.06,-0.5,142397.7625,4,Medium,162496.77722511647,153203.43079578612,145341.53600000002,138577.71723949147,132678.063016082
20,95,2010-05-08,145341.53600000002,14579.06,-0.5,142397.7625,4,Medium,162496.77722511647,153203.43079578612,145341.53600000002,138577.71723949147,132678.063016082
20,95,2010-05-15,145341.53600000002,14579.06,-0.5,142397.7625,4,Medium,162496.77722511647,153203.43079578612,145341.53600000002,138577.71723949147,132678.063016082
20,95,2010-05-22,145341.53600000002,14579.06,-0.5,142397.7625,4,Medium,162496.77722511647,153203.43079578612,145341.53600000002,138577.71723949147,132678.063016082
20,95,2010-05-29,145341.53600000002,14579.06,-0.5,142397.7625,4,Medium,162496.77722511647,153203.43079578612,145341.53600000002,138577.71723949147,132678.063016082
20,95,2010-06-05,145341.53600000002,14579.06,-0.5,142397.7625,4,Medium,162496.77722511647,153203.43079578612,145341.53600000002,138577.71723949147,132678.063016082
20,95,2010-06-12,145341.53600000002,14579.06,-0.5,142397.7625,4,Medium,162496.77722511647,153203.43079578612,145341.53600000002,138577.71723949147,132678.063016082
20,95,2010-06-19,145341.53600000002,14579.06,-0.5,142397.7625,4,Medium,162496.77722511647,153203.43079578612,145341.53600000002,138577.71723949147,132678.063016082
20,95,2010-06-26,145341.53600000002,14579.06,-0.5,142397.7625,4,Medium,162496.77722511647,153203.43079578612,145341.53600000002,138577.71723949147,132678.063016082
20,95,2010-07-03,145341.53600000002,14579.06,-0.5,142397.7625,4,Medium,162496.77722511647,153203.43079578612,145341.53600000002,138577.71723949147,132678.063016082
2,95,2010-04-17,139069.044,13772.113,-0.5,137907.325,4,Medium,155483.91797495465,146591.64368739113,139069.044,132597.1307761492,126952.08741579746
2,95,2010-04-24,139069.044,13772.113,-0.5,137907.325,4,Medium,155483.91797495465,146591.64368739113,139069.044,132597.1307761492,126952.08741579746
2,95,2010-05-01,139069.044,13772.113,-0.5,137907.325,4,Medium,155483.91797495465,146591.64368739113,139069.044,132597.1307761492,126952.08741579746
2,95,2010-05-08,139069.044,13772.113,-0.5,137907.325,4,Medium,155483.91797495465,146591.64368739113,139069.044,132597.1307761492,126952.08741579746
2,95,2010-05-15,139069.044,13772.113,-0.5,137907.325,4,Medium,155483.91797495465,146591.64368739113,139069.044,132597.1307761492,126952.08741579746
2,95,2010-05-22,139069.044,13772.113,-0.5,137907.325,4,Medium,155483.91797495465,146591.64368739113,139069.044,132597.1307761492,126952.08741579746
2,95,2010-05-29,139069.044,13772.113,-0.5,137907.325,4,Medium,155483.91797495465,146591.64368739113,139069.044,132597.1307761492,126952.08741579746
2,95,2010-06-05,139069.044,13772.113,-0.5,137907.325,4,Medium,155483.91797495465,146591.64368739113,139069.044,132597.1307761492,126952.08741579746
2,95,2010-06-12,139069.044,13772.113,-0.5,137907.325,4,Medium,155483.91797495465,146591.64368739113,139069.044,132597.1307761492,126952.08741579746
2,95,2010-06-19,139069.044,13772.113,-0.5,137907.325,4,Medium,155483.91797495465,146591.64368739113,139069.044,132597.1307761492,126952.08741579746
2,95,2010-06-26,139069.044,13772.113,-0.5,137907.325,4,Medium,155483.91797495465,146591.64368739113,139069.044,132597.1307761492,126952.08741579746
2,95,2010-07-03,139069.044,13772.113,-0.5,137907.325,4,Medium,155483.91797495465,146591.64368739113,139069.044,132597.1307761492,126952.08741579746
3,38,2010-04-17,132154.081,14559.024,-0.5,131638.61625,4,Medium,147752.7543100067,139302.6326821275,132154.081,126003.97224963173,120639.61871677481
3,38,2010-04-24,132154.081,14559.024,-0.5,131638.61625,4,Medium,147752.7543100067,139302.6326821275,132154.081,126003.97224963173,120639.61871677481
3,38,2010-05-01,132154.081,14559.024,-0.5,131638.61625,4,Medium,147752.7543100067,139302.6326821275,132154.081,126003.97224963173,120639.61871677481
3,38,2010-05-08,132154.081,14559.024,-0.5,131638.61625,4,Medium,147752.7543100067,139302.6326821275,132154.081,126003.97224963173,120639.61871677481
3,38,2010-05-15,132154.081,14559.024,-0.5,131638.61625,4,Medium,147752.7543100067,139302.6326821275,132154.081,126003.97224963173,120639.61871677481
3,38,2010-05-22,132154.081,14559.024,-0.5,131638.61625,4,Medium,147752.7543100067,139302.6326821275,132154.081,126003.97224963173,120639.61871677481
3,38,2010-05-29,132154.081,14559.024,-0.5,131638.61625,4,Medium,147752.7543100067,139302.6326821275,132154.081,126003.97224963173,120639.61871677481
3,38,2010-06-05,132154.081,14559.024,-0.5,131638.61625,4,Medium,147752.7543100067,139302.6326821275,132154.081,126003.97224963173,120639.61871677481
3,38,2010-06-12,132154.081,14559.024,-0.5,131638.61625,4,Medium,147752.7543100067,139302.6326821275,132154.081,126003.97224963173,120639.61871677481
3,38,2010-06-19,132154.081,14559.024,-0.5,131638.61625,4,Medium,147752.7543100067,139302.6326821275,132154.081,126003.97224963173,120639.61871677481
3,38,2010-06-26,132154.081,14559.024,-0.5,131638.61625,4,Medium,147752.7543100067,139302.6326821275,132154.081,126003.97224963173,120639.61871677481
3,38,2010-07-03,132154.081,14559.024,-0.5,131638.61625,4,Medium,147752.7543100067,139302.6326821275,132154.081,126003.97224963173,120639.61871677481
1,92,2010-04-17,130094.27799999998,12946.497,-0.5,127247.0525,4,Medium,145449.82454587767,137131.4096783782,130094.27799999998,124040.02714791587,118759.28443824676
1,92,2010-04-24,130094.27799999998,12946.497,-0.5,127247.0525,4,Medium,145449.82454587767,137131.4096783782,130094.27799999998,124040.02714791587,118759.28443824676
1,92,2010-05-01,130094.27799999998,12946.497,-0.5,127247.0525,4,Medium,145449.82454587767,137131.4096783782,130094.27799999998,124040.02714791587,118759.28443824676
1,92,2010-05-08,130094.27799999998,12946.497,-0.5,127247.0525,4,Medium,145449.82454587767,137131.4096783782,130094.27799999998,124040.02714791587,118759.28443824676
1,92,2010-05-15,130094.27799999998,12946.497,-0.5,127247.0525,4,Medium,145449.82454587767,137131.4096783782,130094.27799999998,124040.02714791587,118759.28443824676
1,92,2010-05-22,130094.27799999998,12946.497,-0.5,127247.0525,4,Medium,145449.82454587767,137131.4096783782,130094.27799999998,124040.02714791587,118759.28443824676
1,92,2010-05-29,130094.27799999998,12946.497,-0.5,127247.0525,4,Medium,145449.82454587767,137131.4096783782,130094.27799999998,124040.02714791587,118759.28443824676
1,92,2010-06-05,130094.27799999998,12946.497,-0.5,127247.0525,4,Medium,145449.82454587767,137131.4096783782,130094.27799999998,124040.02714791587,118759.28443824676
1,92,2010-06-12,130094.27799999998,12946.497,-0.5,127247.0525,4,Medium,145449.82454587767,137131.4096783782,130094.27799999998,124040.02714791587,118759.28443824676
1,92,2010-06-19,130094.27799999998,12946.497,-0.5,127247.0525,4,Medium,145449.82454587767,137131.4096783782,130094.27799999998,124040.02714791587,118759.28443824676
1,92,2010-06-26,130094.27799999998,12946.497,-0.5,127247.0525,4,Medium,145449.82454587767,137131.4096783782,130094.27799999998,124040.02714791587,118759.28443824676
1,92,2010-07-03,130094.27799999998,12946.497,-0.5,127247.0525,4,Medium,145449.82454587767,137131.4096783782,130094.27799999998,124040.02714791587,118759.28443824676
10,2,2010-04-24,116610.89909090912,11121.161,-0.5,114765.89125,4,Medium,130374.94864232063,122918.68037577704,116610.89909090912,111184.1297814747,106450.69980508267
10,2,2010-05-01,116610.89909090912,11121.161,-0.5,114765.89125,4,Medium,130374.94864232063,122918.68037577704,116610.89909090912,111184.1297814747,106450.69980508267
10,2,2010-05-08,116610.89909090912,11121.161,-0.5,114765.89125,4,Medium,130374.94864232063,122918.68037577704,116610.89909090912,111184.1297814747,106450.69980508267
10,2,2010-05-15,116610.89909090912,11121.161,-0.5,114765.89125,4,Medium,130374.94864232063,122918.68037577704,116610.89909090912,111184.1297814747,106450.69980508267
10,2,2010-05-22,116610.89909090912,11121.161,-0.5,114765.89125,4,Medium,130374.94864232063,122918.68037577704,116610.89909090912,111184.1297814747,106450.69980508267
10,2,2010-05-29,116610.89909090912,11121.161,-0.5,114765.89125,4,Medium,130374.94864232063,122918.68037577704,116610.89909090912,111184.1297814747,106450.69980508267
10,2,2010-06-05,116610.89909090912,11121.161,-0.5,114765.89125,4,Medium,130374.94864232063,122918.68037577704,116610.89909090912,111184.1297814747,106450.69980508267
10,2,2010-06-12,116610.89909090912,11121.161,-0.5,114765.89125,4,Medium,130374.94864232063,122918.68037577704,116610.89909090912,111184.1297814747,106450.69980508267
10,2,2010-06-19,116610.89909090912,11121.161,-0.5,114765.89125,4,Medium,130374.94864232063,122918.68037577704,116610.89909090912,111184.1297814747,106450.69980508267
10,2,2010-06-26,116610.89909090912,11121.161,-0.5,114765.89125,4,Medium,130374.94864232063,122918.68037577704,116610.89909090912,111184.1297814747,106450.69980508267
10,2,2010-07-03,116610.89909090912,11121.161,-0.5,114765.89125,4,Medium,130374.94864232063,122918.68037577704,116610.89909090912,111184.1297814747,106450.69980508267
10,2,2010-07-10,116610.89909090912,11121.161,-0.5,114765.89125,4,Medium,130374.94864232063,122918.68037577704,116610.89909090912,111184.1297814747,106450.69980508267
4,95,2010-04-17,128016.835,12599.709,-0.5,126728.08375,4,Medium,143127.17266218713,134941.59248198717,128016.835,122059.26296612577,116862.84711652811
4,95,2010-04-24,128016.835,12599.709,-0.5,126728.08375,4,Medium,143127.17266218713,134941.59248198717,128016.835,122059.26296612577,116862.84711652811
4,95,2010-05-01,128016.835,12599.709,-0.5,126728.08375,4,Medium,143127.17266218713,134941.59248198717,128016.835,122059.26296612577,116862.84711652811
4,95,2010-05-08,128016.835,12599.709,-0.5,126728.08375,4,Medium,143127.17266218713,134941.59248198717,128016.835,122059.26296612577,116862.84711652811
4,95,2010-05-15,128016.835,12599.709,-0.5,126728.08375,4,Medium,143127.17266218713,134941.59248198717,128016.835,122059.26296612577,116862.84711652811
4,95,2010-05-22,128016.835,12599.709,-0.5,126728.08375,4,Medium,143127.17266218713,134941.59248198717,128016.835,122059.26296612577,116862.84711652811
4,95,2010-05-29,128016.835,12599.709,-0.5,126728.08375,4,Medium,143127.17266218713,134941.59248198717,128016.835,122059.26296612577,116862.84711652811
4,95,2010-06-05,128016.835,12599.709,-0.5,126728.08375,4,Medium,143127.17266218713,134941.59248198717,128016.835,122059.26296612577,116862.84711652811
4,95,2010-06-12,128016.835,12599.709,-0.5,126728.08375,4,Medium,143127.17266218713,134941.59248198717,128016.835,122059.26296612577,116862.84711652811
4,95,2010-06-19,128016.835,12599.709,-0.5,126728.08375,4,Medium,143127.17266218713,134941.59248198717,128016.835,122059.26296612577,116862.84711652811
4,95,2010-06-26,128016.835,12599.709,-0.5,126728.08375,4,Medium,143127.17266218713,134941.59248198717,128016.835,122059.26296612577,116862.84711652811
4,95,2010-07-03,128016.835,12599.709,-0.5,126728.08375,4,Medium,143127.17266218713,134941.59248198717,128016.835,122059.26296612577,116862.84711652811
35,72,2010-04-17,125933.15099999998,8183.083,-0.5,115647.285,4,Medium,140797.5431283728,132745.19669397039,125933.15099999998,120072.54822431612,114960.71256734044
35,72,2010-04-24,125933.15099999998,8183.083,-0.5,115647.285,4,Medium,140797.5431283728,132745.19669397039,125933.15099999998,120072.54822431612,114960.71256734044
35,72,2010-05-01,125933.15099999998,8183.083,-0.5,115647.285,4,Medium,140797.5431283728,132745.19669397039,125933.15099999998,120072.54822431612,114960.71256734044
35,72,2010-05-08,125933.15099999998,8183.083,-0.5,115647.285,4,Medium,140797.5431283728,132745.19669397039,125933.15099999998,120072.54822431612,114960.71256734044
35,72,2010-05-15,125933.15099999998,8183.083,-0.5,115647.285,4,Medium,140797.5431283728,132745.19669397039,125933.15099999998,120072.54822431612,114960.71256734044
35,72,2010-05-22,125933.15099999998,8183.083,-0.5,115647.285,4,Medium,140797.5431283728,132745.19669397039,125933.15099999998,120072.54822431612,114960.71256734044
35,72,2010-05-29,125933.15099999998,8183.083,-0.5,115647.285,4,Medium,140797.5431283728,132745.19669397039,125933.15099999998,120072.54822431612,114960.71256734044
35,72,2010-06-05,125933.15099999998,8183.083,-0.5,115647.285,4,Medium,140797.5431283728,132745.19669397039,125933.15099999998,120072.54822431612,114960.71256734044
35,72,2010-06-12,125933.15099999998,8183.083,-0.5,115647.285,4,Medium,140797.5431283728,132745.19669397039,125933.15099999998,120072.54822431612,114960.71256734044
35,72,2010-06-19,125933.15099999998,8183.083,-0.5,115647.285,4,Medium,140797.5431283728,132745.19669397039,125933.15099999998,120072.54822431612,114960.71256734044
35,72,2010-06-26,125933.15099999998,8183.083,-0.5,115647.285,4,Medium,140797.5431283728,132745.19669397039,125933.15099999998,120072.54822431612,114960.71256734044
35,72,2010-07-03,125933.15099999998,8183.083,-0.5,115647.285,4,Medium,140797.5431283728,132745.19669397039,125933.15099999998,120072.54822431612,114960.71256734044
31,92,2010-04-17,122795.308,11947.559,-0.5,119490.2275,4,Medium,137289.32800301188,129437.61975396518,122795.308,117080.73231288999,112096.26691232431
31,92,2010-04-24,122795.308,11947.559,-0.5,119490.2275,4,Medium,137289.32800301188,129437.61975396518,122795.308,117080.73231288999,112096.26691232431
31,92,2010-05-01,122795.308,11947.559,-0.5,119490.2275,4,Medium,137289.32800301188,129437.61975396518,122795.308,117080.73231288999,112096.26691232431
31,92,2010-05-08,122795.308,11947.559,-0.5,119490.2275,4,Medium,137289.32800301188,129437.61975396518,122795.308,117080.73231288999,112096.26691232431
31,92,2010-05-15,122795.308,11947.559,-0.5,119490.2275,4,Medium,137289.32800301188,129437.61975396518,122795.308,117080.73231288999,112096.26691232431
31,92,2010-05-22,122795.308,11947.559,-0.5,119490.2275,4,Medium,137289.32800301188,129437.61975396518,122795.308,117080.73231288999,112096.26691232431
31,92,2010-05-29,122795.308,11947.559,-0.5,119490.2275,4,Medium,137289.32800301188,129437.61975396518,122795.308,117080.73231288999,112096.26691232431
31,92,2010-06-05,122795.308,11947.559,-0.5,119490.2275,4,Medium,137289.32800301188,129437.61975396518,122795.308,117080.73231288999,112096.26691232431
31,92,2010-06-12,122795.308,11947.559,-0.5,119490.2275,4,Medium,137289.32800301188,129437.61975396518,122795.308,117080.73231288999,112096.26691232431
31,92,2010-06-19,122795.308,11947.559,-0.5,119490.2275,4,Medium,137289.32800301188,129437.61975396518,122795.308,117080.73231288999,112096.26691232431
31,92,2010-06-26,122795.308,11947.559,-0.5,119490.2275,4,Medium,137289.32800301188,129437.61975396518,122795.308,117080.73231288999,112096.26691232431
31,92,2010-07-03,122795.308,11947.559,-0.5,119490.2275,4,Medium,137289.32800301188,129437.61975396518,122795.308,117080.73231288999,112096.26691232431
13,95,2010-04-17,122127.645,11906.476,-0.5,121070.80374999999,4,Medium,136542.85807598117,128733.84115749151,122127.645,116444.14062016651,111486.77676913836
13,95,2010-04-24,122127.645,11906.476,-0.5,121070.80374999999,4,Medium,136542.85807598117,128733.84115749151,122127.645,116444.14062016651,111486.77676913836
13,95,2010-05-01,122127.645,11906.476,-0.5,121070.80374999999,4,Medium,136542.85807598117,128733.84115749151,122127.645,116444.14062016651,111486.77676913836
13,95,2010-05-08,122127.645,11906.476,-0.5,121070.80374999999,4,Medium,136542.85807598117,128733.84115749151,122127.645,116444.14062016651,111486.77676913836
13,95,2010-05-15,122127.645,11906.476,-0.5,121070.80374999999,4,Medium,136542.85807598117,128733.84115749151,122127.645,116444.14062016651,111486.77676913836
13,95,2010-05-22,122127.645,11906.476,-0.5,121070.80374999999,4,Medium,136542.85807598117,128733.84115749151,122127.645,116444.14062016651,111486.77676913836
13,95,2010-05-29,122127.645,11906.476,-0.5,121070.80374999999,4,Medium,136542.85807598117,128733.84115749151,122127.645,116444.14062016651,111486.77676913836
13,95,2010-06-05,122127.645,11906.476,-0.5,121070.80374999999,4,Medium,136542.85807598117,128733.84115749151,122127.645,116444.14062016651,111486.77676913836
13,95,2010-06-12,122127.645,11906.476,-0.5,121070.80374999999,4,Medium,136542.85807598117,128733.84115749151,122127.645,116444.14062016651,111486.77676913836
13,95,2010-06-19,122127.645,11906.476,-0.5,121070.80374999999,4,Medium,136542.85807598117,128733.84115749151,122127.645,116444.14062016651,111486.77676913836
13,95,2010-06-26,122127.645,11906.476,-0.5,121070.80374999999,4,Medium,136542.85807598117,128733.84115749151,122127.645,116444.14062016651,111486.77676913836
13,95,2010-07-03,122127.645,11906.476,-0.5,121070.80374999999,4,Medium,136542.85807598117,128733.84115749151,122127.645,116444.14062016651,111486.77676913836
24,92,2010-04-17,119883.22799999996,11648.102,-0.5,116513.37875,4,Medium,134033.52358505304,126368.01791109075,119883.22799999996,114304.17297599964,109437.91373689154
24,92,2010-04-24,119883.22799999996,11648.102,-0.5,116513.37875,4,Medium,134033.52358505304,126368.01791109075,119883.22799999996,114304.17297599964,109437.91373689154
24,92,2010-05-01,119883.22799999996,11648.102,-0.5,116513.37875,4,Medium,134033.52358505304,126368.01791109075,119883.22799999996,114304.17297599964,109437.91373689154
24,92,2010-05-08,119883.22799999996,11648.102,-0.5,116513.37875,4,Medium,134033.52358505304,126368.01791109075,119883.22799999996,114304.17297599964,109437.91373689154
24,92,2010-05-15,119883.22799999996,11648.102,-0.5,116513.37875,4,Medium,134033.52358505304,126368.01791109075,119883.22799999996,114304.17297599964,109437.91373689154
24,92,2010-05-22,119883.22799999996,11648.102,-0.5,116513.37875,4,Medium,134033.52358505304,126368.01791109075,119883.22799999996,114304.17297599964,109437.91373689154
24,92,2010-05-29,119883.22799999996,11648.102,-0.5,116513.37875,4,Medium,134033.52358505304,126368.01791109075,119883.22799999996,114304.17297599964,109437.91373689154
24,92,2010-06-05,119883.22799999996,11648.102,-0.5,116513.37875,4,Medium,134033.52358505304,126368.01791109075,119883.22799999996,114304.17297599964,109437.91373689154
24,92,2010-06-12,119883.22799999996,11648.102,-0.5,116513.37875,4,Medium,134033.52358505304,126368.01791109075,119883.22799999996,114304.17297599964,109437.91373689154
24,92,2010-06-19,119883.22799999996,11648.102,-0.5,116513.37875,4,Medium,134033.52358505304,126368.01791109075,119883.22799999996,114304.17297599964,109437.91373689154
24,92,2010-06-26,119883.22799999996,11648.102,-0.5,116513.37875,4,Medium,134033.52358505304,126368.01791109075,119883.22799999996,114304.17297599964,109437.91373689154
24,92,2010-07-03,119883.22799999996,11648.102,-0.5,116513.37875,4,Medium,134033.52358505304,126368.01791109075,119883.22799999996,114304.17297599964,109437.91373689154
27,95,2010-04-17,117864.344,12339.164,-0.5,115878.85375000001,4,Medium,131776.34265370973,124239.92732053366,117864.344,112379.24260997318,107594.93322391447
27,95,2010-04-24,117864.344,12339.164,-0.5,115878.85375000001,4,Medium,131776.34265370973,124239.92732053366,117864.344,112379.24260997318,107594.93322391447
27,95,2010-05-01,117864.344,12339.164,-0.5,115878.85375000001,4,Medium,131776.34265370973,124239.92732053366,117864.344,112379.24260997318,107594.93322391447
27,95,2010-05-08,117864.344,12339.164,-0.5,115878.85375000001,4,Medium,131776.34265370973,124239.92732053366,117864.344,112379.24260997318,107594.93322391447
27,95,2010-05-15,117864.344,12339.164,-0.5,115878.85375000001,4,Medium,131776.34265370973,124239.92732053366,117864.344,112379.24260997318,107594.93322391447
27,95,2010-05-22,117864.344,12339.164,-0.5,115878.85375000001,4,Medium,131776.34265370973,124239.92732053366,117864.344,112379.24260997318,107594.93322391447
27,95,2010-05-29,117864.344,12339.164,-0.5,115878.85375000001,4,Medium,131776.34265370973,124239.92732053366,117864.344,112379.24260997318,107594.93322391447
27,95,2010-06-05,117864.344,12339.164,-0.5,115878.85375000001,4,Medium,131776.34265370973,124239.92732053366,117864.344,112379.24260997318,107594.93322391447
27,95,2010-06-12,117864.344,12339.164,-0.5,115878.85375000001,4,Medium,131776.34265370973,124239.92732053366,117864.344,112379.24260997318,107594.93322391447
27,95,2010-06-19,117864.344,12339.164,-0.5,115878.85375000001,4,Medium,131776.34265370973,124239.92732053366,117864.344,112379.24260997318,107594.93322391447
27,95,2010-06-26,117864.344,12339.164,-0.5,115878.85375000001,4,Medium,131776.34265370973,124239.92732053366,117864.344,112379.24260997318,107594.93322391447
27,95,2010-07-03,117864.344,12339.164,-0.5,115878.85375000001,4,Medium,131776.34265370973,124239.92732053366,117864.344,112379.24260997318,107594.93322391447
14,72,2010-04-17,116396.621,9014.32,-0.5,111004.78625,4,Medium,130135.37845363979,122692.81143579521,116396.621,110979.82363809788,106255.09156513255
14,72,2010-04-24,116396.621,9014.32,-0.5,111004.78625,4,Medium,130135.37845363979,122692.81143579521,116396.621,110979.82363809788,106255.09156513255
14,72,2010-05-01,116396.621,9014.32,-0.5,111004.78625,4,Medium,130135.37845363979,122692.81143579521,116396.621,110979.82363809788,106255.09156513255
14,72,2010-05-08,116396.621,9014.32,-0.5,111004.78625,4,Medium,130135.37845363979,122692.81143579521,116396.621,110979.82363809788,106255.09156513255
14,72,2010-05-15,116396.621,9014.32,-0.5,111004.78625,4,Medium,130135.37845363979,122692.81143579521,116396.621,110979.82363809788,106255.09156513255
14,72,2010-05-22,116396.621,9014.32,-0.5,111004.78625,4,Medium,130135.37845363979,122692.81143579521,116396.621,110979.82363809788,106255.09156513255
14,72,2010-05-29,116396.621,9014.32,-0.5,111004.78625,4,Medium,130135.37845363979,122692.81143579521,116396.621,110979.82363809788,106255.09156513255
14,72,2010-06-05,116396.621,9014.32,-0.5,111004.78625,4,Medium,130135.37845363979,122692.81143579521,116396.621,110979.82363809788,106255.09156513255
14,72,2010-06-12,116396.621,9014.32,-0.5,111004.78625,4,Medium,130135.37845363979,122692.81143579521,116396.621,110979.82363809788,106255.09156513255
14,72,2010-06-19,116396.621,9014.32,-0.5,111004.78625,4,Medium,130135.37845363979,122692.81143579521,116396.621,110979.82363809788,106255.09156513255
14,72,2010-06-26,116396.621,9014.32,-0.5,111004.78625,4,Medium,130135.37845363979,122692.81143579521,116396.621,110979.82363809788,106255.09156513255
14,72,2010-07-03,116396.621,9014.32,-0.5,111004.78625,4,Medium,130135.37845363979,122692.81143579521,116396.621,110979.82363809788,106255.09156513255
14,90,2010-04-17,116257.354,10785.015,-0.5,113356.18375,4,Medium,129979.67321412853,122546.01112816234,116257.354,110847.03776368142,106127.9587694391
14,90,2010-04-24,116257.354,10785.015,-0.5,113356.18375,4,Medium,129979.67321412853,122546.01112816234,116257.354,110847.03776368142,106127.9587694391
14,90,2010-05-01,116257.354,10785.015,-0.5,113356.18375,4,Medium,129979.67321412853,122546.01112816234,116257.354,110847.03776368142,106127.9587694391
14,90,2010-05-08,116257.354,10785.015,-0.5,113356.18375,4,Medium,129979.67321412853,122546.01112816234,116257.354,110847.03776368142,106127.9587694391
14,90,2010-05-15,116257.354,10785.015,-0.5,113356.18375,4,Medium,129979.67321412853,122546.01112816234,116257.354,110847.03776368142,106127.9587694391
14,90,2010-05-22,116257.354,10785.015,-0.5,113356.18375,4,Medium,129979.67321412853,122546.01112816234,116257.354,110847.03776368142,106127.9587694391
14,90,2010-05-29,116257.354,10785.015,-0.5,113356.18375,4,Medium,129979.67321412853,122546.01112816234,116257.354,110847.03776368142,106127.9587694391
14,90,2010-06-05,116257.354,10785.015,-0.5,113356.18375,4,Medium,129979.67321412853,122546.01112816234,116257.354,110847.03776368142,106127.9587694391
14,90,2010-06-12,116257.354,10785.015,-0.5,113356.18375,4,Medium,129979.67321412853,122546.01112816234,116257.354,110847.03776368142,106127.9587694391
14,90,2010-06-19,116257.354,10785.015,-0.5,113356.18375,4,Medium,129979.67321412853,122546.01112816234,116257.354,110847.03776368142,106127.9587694391
14,90,2010-06-26,116257.354,10785.015,-0.5,113356.18375,4,Medium,129979.67321412853,122546.01112816234,116257.354,110847.03776368142,106127.9587694391
14,90,2010-07-03,116257.354,10785.015,-0.5,113356.18375,4,Medium,129979.67321412853,122546.01112816234,116257.354,110847.03776368142,106127.9587694391
19,92,2010-04-17,115820.619,10775.37,-0.5,113674.07375,4,Medium,129491.38864005187,122085.6520168578,115820.619,110430.62727976724,105729.27608418574
19,92,2010-04-24,115820.619,10775.37,-0.5,113674.07375,4,Medium,129491.38864005187,122085.6520168578,115820.619,110430.62727976724,105729.27608418574
19,92,2010-05-01,115820.619,10775.37,-0.5,113674.07375,4,Medium,129491.38864005187,122085.6520168578,115820.619,110430.62727976724,105729.27608418574
19,92,2010-05-08,115820.619,10775.37,-0.5,113674.07375,4,Medium,129491.38864005187,122085.6520168578,115820.619,110430.62727976724,105729.27608418574
19,92,2010-05-15,115820.619,10775.37,-0.5,113674.07375,4,Medium,129491.38864005187,122085.6520168578,115820.619,110430.62727976724,105729.27608418574
19,92,2010-05-22,115820.619,10775.37,-0.5,113674.07375,4,Medium,129491.38864005187,122085.6520168578,115820.619,110430.62727976724,105729.27608418574
19,92,2010-05-29,115820.619,10775.37,-0.5,113674.07375,4,Medium,129491.38864005187,122085.6520168578,115820.619,110430.62727976724,105729.27608418574
19,92,2010-06-05,115820.619,10775.37,-0.5,113674.07375,4,Medium,129491.38864005187,122085.6520168578,115820.619,110430.62727976724,105729.27608418574
19,92,2010-06-12,115820.619,10775.37,-0.5,113674.07375,4,Medium,129491.38864005187,122085.6520168578,115820.619,110430.62727976724,105729.27608418574
19,92,2010-06-19,115820.619,10775.37,-0.5,113674.07375,4,Medium,129491.38864005187,122085.6520168578,115820.619,110430.62727976724,105729.27608418574
19,92,2010-06-26,115820.619,10775.37,-0.5,113674.07375,4,Medium,129491.38864005187,122085.6520168578,115820.619,110430.62727976724,105729.27608418574
19,92,2010-07-03,115820.619,10775.37,-0.5,113674.07375,4,Medium,129491.38864005187,122085.6520168578,115820.619,110430.62727976724,105729.27608418574
14,38,2010-04-17,114783.673,10623.612,-0.5,115756.63,5,Low,128332.04776755358,120992.6149599908,114783.673,109441.93806169937,104782.67822566113
14,38,2010-04-24,114783.673,10623.612,-0.5,115756.63,5,Low,128332.04776755358,120992.6149599908,114783.673,109441.93806169937,104782.67822566113
14,38,2010-05-01,114783.673,10623.612,-0.5,115756.63,5,Low,128332.04776755358,120992.6149599908,114783.673,109441.93806169937,104782.67822566113
14,38,2010-05-08,114783.673,10623.612,-0.5,115756.63,5,Low,128332.04776755358,120992.6149599908,114783.673,109441.93806169937,104782.67822566113
14,38,2010-05-15,114783.673,10623.612,-0.5,115756.63,5,Low,128332.04776755358,120992.6149599908,114783.673,109441.93806169937,104782.67822566113
14,38,2010-05-22,114783.673,10623.612,-0.5,115756.63,5,Low,128332.04776755358,120992.6149599908,114783.673,109441.93806169937,104782.67822566113
14,38,2010-05-29,114783.673,10623.612,-0.5,115756.63,5,Low,128332.04776755358,120992.6149599908,114783.673,109441.93806169937,104782.67822566113
14,38,2010-06-05,114783.673,10623.612,-0.5,115756.63,5,Low,128332.04776755358,120992.6149599908,114783.673,109441.93806169937,104782.67822566113
14,38,2010-06-12,114783.673,10623.612,-0.5,115756.63,5,Low,128332.04776755358,120992.6149599908,114783.673,109441.93806169937,104782.67822566113
14,38,2010-06-19,114783.673,10623.612,-0.5,115756.63,5,Low,128332.04776755358,120992.6149599908,114783.673,109441.93806169937,104782.67822566113
14,38,2010-06-26,114783.673,10623.612,-0.5,115756.63,5,Low,128332.04776755358,120992.6149599908,114783.673,109441.93806169937,104782.67822566113
14,38,2010-07-03,114783.673,10623.612,-0.5,115756.63,5,Low,128332.04776755358,120992.6149599908,114783.673,109441.93806169937,104782.67822566113
10,40,2010-04-17,111683.154,11070.449,-0.5,110743.19,4,Medium,124865.56214278877,117724.38097044824,111683.154,106485.70918795421,101952.30456520554
10,40,2010-04-24,111683.154,11070.449,-0.5,110743.19,4,Medium,124865.56214278877,117724.38097044824,111683.154,106485.70918795421,101952.30456520554
10,40,2010-05-01,111683.154,11070.449,-0.5,110743.19,4,Medium,124865.56214278877,117724.38097044824,111683.154,106485.70918795421,101952.30456520554
10,40,2010-05-08,111683.154,11070.449,-0.5,110743.19,4,Medium,124865.56214278877,117724.38097044824,111683.154,106485.70918795421,101952.30456520554
10,40,2010-05-15,111683.154,11070.449,-0.5,110743.19,4,Medium,124865.56214278877,117724.38097044824,111683.154,106485.70918795421,101952.30456520554
10,40,2010-05-22,111683.154,11070.449,-0.5,110743.19,4,Medium,124865.56214278877,117724.38097044824,111683.154,106485.70918795421,101952.30456520554
10,40,2010-05-29,111683.154,11070.449,-0.5,110743.19,4,Medium,124865.56214278877,117724.38097044824,111683.154,106485.70918795421,101952.30456520554
10,40,2010-06-05,111683.154,11070.449,-0.5,110743.19,4,Medium,124865.56214278877,117724.38097044824,111683.154,106485.70918795421,101952.30456520554
10,40,2010-06-12,111683.154,11070.449,-0.5,110743.19,4,Medium,124865.56214278877,117724.38097044824,111683.154,106485.70918795421,101952.30456520554
10,40,2010-06-19,111683.154,11070.449,-0.5,110743.19,4,Medium,124865.56214278877,117724.38097044824,111683.154,106485.70918795421,101952.30456520554
10,40,2010-06-26,111683.154,11070.449,-0.5,110743.19,4,Medium,124865.56214278877,117724.38097044824,111683.154,106485.70918795421,101952.30456520554
10,40,2010-07-03,111683.154,11070.449,-0.5,110743.19,4,Medium,124865.56214278877,117724.38097044824,111683.154,106485.70918795421,101952.30456520554
1,95,2010-04-17,111361.19,11677.212,-0.5,111941.435,5,Low,124505.59544763491,117385.00111558878,111361.19,106178.72855887035,101658.39298936455
1,95,2010-04-24,111361.19,11677.212,-0.5,111941.435,5,Low,124505.59544763491,117385.00111558878,111361.19,106178.72855887035,101658.39298936455
1,95,2010-05-01,111361.19,11677.212,-0.5,111941.435,5,Low,124505.59544763491,117385.00111558878,111361.19,106178.72855887035,101658.39298936455
1,95,2010-05-08,111361.19,11677.212,-0.5,111941.435,5,Low,124505.59544763491,117385.00111558878,111361.19,106178.72855887035,101658.39298936455
1,95,2010-05-15,111361.19,11677.212,-0.5,111941.435,5,Low,124505.59544763491,117385.00111558878,111361.19,106178.72855887035,101658.39298936455
1,95,2010-05-22,111361.19,11677.212,-0.5,111941.435,5,Low,124505.59544763491,117385.00111558878,111361.19,106178.72855887035,101658.39298936455
1,95,2010-05-29,111361.19,11677.212,-0.5,111941.435,5,Low,124505.59544763491,117385.00111558878,111361.19,106178.72855887035,101658.39298936455
1,95,2010-06-05,111361.19,11677.212,-0.5,111941.435,5,Low,124505.59544763491,117385.00111558878,111361.19,106178.72855887035,101658.39298936455
1,95,2010-06-12,111361.19,11677.212,-0.5,111941.435,5,Low,124505.59544763491,117385.00111558878,111361.19,106178.72855887035,101658.39298936455
1,95,2010-06-19,111361.19,11677.212,-0.5,111941.435,5,Low,124505.59544763491,117385.00111558878,111361.19,106178.72855887035,101658.39298936455
1,95,2010-06-26,111361.19,11677.212,-0.5,111941.435,5,Low,124505.59544763491,117385.00111558878,111361.19,106178.72855887035,101658.39298936455
1,95,2010-07-03,111361.19,11677.212,-0.5,111941.435,5,Low,124505.59544763491,117385.00111558878,111361.19,106178.72855887035,101658.39298936455
2,38,2010-04-17,110504.965,10846.839,-0.5,111445.04875,5,Low,123548.30679561752,116482.46071906289,110504.965,105362.35005339354,100876.77007803145
2,38,2010-04-24,110504.965,10846.839,-0.5,111445.04875,5,Low,123548.30679561752,116482.46071906289,110504.965,105362.35005339354,100876.77007803145
2,38,2010-05-01,110504.965,10846.839,-0.5,111445.04875,5,Low,123548.30679561752,116482.46071906289,110504.965,105362.35005339354,100876.77007803145
2,38,2010-05-08,110504.965,10846.839,-0.5,111445.04875,5,Low,123548.30679561752,116482.46071906289,110504.965,105362.35005339354,100876.77007803145
2,38,2010-05-15,110504.965,10846.839,-0.5,111445.04875,5,Low,123548.30679561752,116482.46071906289,110504.965,105362.35005339354,100876.77007803145
2,38,2010-05-22,110504.965,10846.839,-0.5,111445.04875,5,Low,123548.30679561752,116482.46071906289,110504.965,105362.35005339354,100876.77007803145
2,38,2010-05-29,110504.965,10846.839,-0.5,111445.04875,5,Low,123548.30679561752,116482.46071906289,110504.965,105362.35005339354,100876.77007803145
2,38,2010-06-05,110504.965,10846.839,-0.5,111445.04875,5,Low,123548.30679561752,116482.46071906289,110504.965,105362.35005339354,100876.77007803145
2,38,2010-06-12,110504.965,10846.839,-0.5,111445.04875,5,Low,123548.30679561752,116482.46071906289,110504.965,105362.35005339354,100876.77007803145
2,38,2010-06-19,110504.965,10846.839,-0.5,111445.04875,5,Low,123548.30679561752,116482.46071906289,110504.965,105362.35005339354,100876.77007803145
2,38,2010-06-26,110504.965,10846.839,-0.5,111445.04875,5,Low,123548.30679561752,116482.46071906289,110504.965,105362.35005339354,100876.77007803145
2,38,2010-07-03,110504.965,10846.839,-0.5,111445.04875,5,Low,123548.30679561752,116482.46071906289,110504.965,105362.35005339354,100876.77007803145
20,38,2010-04-17,108005.83,10360.632,-0.5,108998.2,5,Low,120754.18892314307,113848.14112564792,108005.83,102979.51832541927,98595.382388447
20,38,2010-04-24,108005.83,10360.632,-0.5,108998.2,5,Low,120754.18892314307,113848.14112564792,108005.83,102979.51832541927,98595.382388447
20,38,2010-05-01,108005.83,10360.632,-0.5,108998.2,5,Low,120754.18892314307,113848.14112564792,108005.83,102979.51832541927,98595.382388447
20,38,2010-05-08,108005.83,10360.632,-0.5,108998.2,5,Low,120754.18892314307,113848.14112564792,108005.83,102979.51832541927,98595.382388447
20,38,2010-05-15,108005.83,10360.632,-0.5,108998.2,5,Low,120754.18892314307,113848.14112564792,108005.83,102979.51832541927,98595.382388447
20,38,2010-05-22,108005.83,10360.632,-0.5,108998.2,5,Low,120754.18892314307,113848.14112564792,108005.83,102979.51832541927,98595.382388447
20,38,2010-05-29,108005.83,10360.632,-0.5,108998.2,5,Low,120754.18892314307,113848.14112564792,108005.83,102979.51832541927,98595.382388447
20,38,2010-06-05,108005.83,10360.632,-0.5,108998.2,5,Low,120754.18892314307,113848.14112564792,108005.83,102979.51832541927,98595.382388447
20,38,2010-06-12,108005.83,10360.632,-0.5,108998.2,5,Low,120754.18892314307,113848.14112564792,108005.83,102979.51832541927,98595.382388447
20,38,2010-06-19,108005.83,10360.632,-0.5,108998.2,5,Low,120754.18892314307,113848.14112564792,108005.83,102979.51832541927,98595.382388447
20,38,2010-06-26,108005.83,10360.632,-0.5,108998.2,5,Low,120754.18892314307,113848.14112564792,108005.83,102979.51832541927,98595.382388447
20,38,2010-07-03,108005.83,10360.632,-0.5,108998.2,5,Low,120754.18892314307,113848.14112564792,108005.83,102979.51832541927,98595.382388447
13,90,2010-04-17,106072.38,9925.388,-0.5,105504.5775,4,Medium,118592.52610759459,111810.10587829708,106072.38,101136.04608224238,96830.39209043306
13,90,2010-04-24,106072.38,9925.388,-0.5,105504.5775,4,Medium,118592.52610759459,111810.10587829708,106072.38,101136.04608224238,96830.39209043306
13,90,2010-05-01,106072.38,9925.388,-0.5,105504.5775,4,Medium,118592.52610759459,111810.10587829708,106072.38,101136.04608224238,96830.39209043306
13,90,2010-05-08,106072.38,9925.388,-0.5,105504.5775,4,Medium,118592.52610759459,111810.10587829708,106072.38,101136.04608224238,96830.39209043306
13,90,2010-05-15,106072.38,9925.388,-0.5,105504.5775,4,Medium,118592.52610759459,111810.10587829708,106072.38,101136.04608224238,96830.39209043306
13,90,2010-05-22,106072.38,9925.388,-0.5,105504.5775,4,Medium,118592.52610759459,111810.10587829708,106072.38,101136.04608224238,96830.39209043306
13,90,2010-05-29,106072.38,9925.388,-0.5,105504.5775,4,Medium,118592.52610759459,111810.10587829708,106072.38,101136.04608224238,96830.39209043306
13,90,2010-06-05,106072.38,9925.388,-0.5,105504.5775,4,Medium,118592.52610759459,111810.10587829708,106072.38,101136.04608224238,96830.39209043306
13,90,2010-06-12,106072.38,9925.388,-0.5,105504.5775,4,Medium,118592.52610759459,111810.10587829708,106072.38,101136.04608224238,96830.39209043306
13,90,2010-06-19,106072.38,9925.388,-0.5,105504.5775,4,Medium,118592.52610759459,111810.10587829708,106072.38,101136.04608224238,96830.39209043306
13,90,2010-06-26,106072.38,9925.388,-0.5,105504.5775,4,Medium,118592.52610759459,111810.10587829708,106072.38,101136.04608224238,96830.39209043306
13,90,2010-07-03,106072.38,9925.388,-0.5,105504.5775,4,Medium,118592.52610759459,111810.10587829708,106072.38,101136.04608224238,96830.39209043306
14,91,2010-04-17,105901.284,9228.145,-0.5,102307.0975,4,Medium,118401.23496425542,111629.75485878235,105901.284,100972.91244707281,96674.20352593488
14,91,2010-04-24,105901.284,9228.145,-0.5,102307.0975,4,Medium,118401.23496425542,111629.75485878235,105901.284,100972.91244707281,96674.20352593488
14,91,2010-05-01,105901.284,9228.145,-0.5,102307.0975,4,Medium,118401.23496425542,111629.75485878235,105901.284,100972.91244707281,96674.20352593488
14,91,2010-05-08,105901.284,9228.145,-0.5,102307.0975,4,Medium,118401.23496425542,111629.75485878235,105901.284,100972.91244707281,96674.20352593488
14,91,2010-05-15,105901.284,9228.145,-0.5,102307.0975,4,Medium,118401.23496425542,111629.75485878235,105901.284,100972.91244707281,96674.20352593488
14,91,2010-05-22,105901.284,9228.145,-0.5,102307.0975,4,Medium,118401.23496425542,111629.75485878235,105901.284,100972.91244707281,96674.20352593488
14,91,2010-05-29,105901.284,9228.145,-0.5,102307.0975,4,Medium,118401.23496425542,111629.75485878235,105901.284,100972.91244707281,96674.20352593488
14,91,2010-06-05,105901.284,9228.145,-0.5,102307.0975,4,Medium,118401.23496425542,111629.75485878235,105901.284,100972.91244707281,96674.20352593488
14,91,2010-06-12,105901.284,9228.145,-0.5,102307.0975,4,Medium,118401.23496425542,111629.75485878235,105901.284,100972.91244707281,96674.20352593488
14,91,2010-06-19,105901.284,9228.145,-0.5,102307.0975,4,Medium,118401.23496425542,111629.75485878235,105901.284,100972.91244707281,96674.20352593488
14,91,2010-06-26,105901.284,9228.145,-0.5,102307.0975,4,Medium,118401.23496425542,111629.75485878235,105901.284,100972.91244707281,96674.20352593488
14,91,2010-07-03,105901.284,9228.145,-0.5,102307.0975,4,Medium,118401.23496425542,111629.75485878235,105901.284,100972.91244707281,96674.20352593488
20,72,2010-04-17,105793.327,5836.047,-0.5,92958.75875000001,4,Medium,118280.53536893196,111515.95818899608,105793.327,100869.97948632562,96575.65271903391
20,72,2010-04-24,105793.327,5836.047,-0.5,92958.75875000001,4,Medium,118280.53536893196,111515.95818899608,105793.327,100869.97948632562,96575.65271903391
20,72,2010-05-01,105793.327,5836.047,-0.5,92958.75875000001,4,Medium,118280.53536893196,111515.95818899608,105793.327,100869.97948632562,96575.65271903391
20,72,2010-05-08,105793.327,5836.047,-0.5,92958.75875000001,4,Medium,118280.53536893196,111515.95818899608,105793.327,100869.97948632562,96575.65271903391
20,72,2010-05-15,105793.327,5836.047,-0.5,92958.75875000001,4,Medium,118280.53536893196,111515.95818899608,105793.327,100869.97948632562,96575.65271903391
20,72,2010-05-22,105793.327,5836.047,-0.5,92958.75875000001,4,Medium,118280.53536893196,111515.95818899608,105793.327,100869.97948632562,96575.65271903391
20,72,2010-05-29,105793.327,5836.047,-0.5,92958.75875000001,4,Medium,118280.53536893196,111515.95818899608,105793.327,100869.97948632562,96575.65271903391
20,72,2010-06-05,105793.327,5836.047,-0.5,92958.75875000001,4,Medium,118280.53536893196,111515.95818899608,105793.327,100869.97948632562,96575.65271903391
20,72,2010-06-12,105793.327,5836.047,-0.5,92958.75875000001,4,Medium,118280.53536893196,111515.95818899608,105793.327,100869.97948632562,96575.65271903391
20,72,2010-06-19,105793.327,5836.047,-0.5,92958.75875000001,4,Medium,118280.53536893196,111515.95818899608,105793.327,100869.97948632562,96575.65271903391
20,72,2010-06-26,105793.327,5836.047,-0.5,92958.75875000001,4,Medium,118280.53536893196,111515.95818899608,105793.327,100869.97948632562,96575.65271903391
20,72,2010-07-03,105793.327,5836.047,-0.5,92958.75875000001,4,Medium,118280.53536893196,111515.95818899608,105793.327,100869.97948632562,96575.65271903391
26,38,2010-04-17,105144.55,12088.453,-0.5,105231.095,5,Low,117555.18063181276,110832.08718448573,105144.55,100251.39488806264,95983.40305621637
26,38,2010-04-24,105144.55,12088.453,-0.5,105231.095,5,Low,117555.18063181276,110832.08718448573,105144.55,100251.39488806264,95983.40305621637
26,38,2010-05-01,105144.55,12088.453,-0.5,105231.095,5,Low,117555.18063181276,110832.08718448573,105144.55,100251.39488806264,95983.40305621637
26,38,2010-05-08,105144.55,12088.453,-0.5,105231.095,5,Low,117555.18063181276,110832.08718448573,105144.55,100251.39488806264,95983.40305621637
26,38,2010-05-15,105144.55,12088.453,-0.5,105231.095,5,Low,117555.18063181276,110832.08718448573,105144.55,100251.39488806264,95983.40305621637
26,38,2010-05-22,105144.55,12088.453,-0.5,105231.095,5,Low,117555.18063181276,110832.08718448573,105144.55,100251.39488806264,95983.40305621637
26,38,2010-05-29,105144.55,12088.453,-0.5,105231.095,5,Low,117555.18063181276,110832.08718448573,105144.55,100251.39488806264,95983.40305621637
26,38,2010-06-05,105144.55,12088.453,-0.5,105231.095,5,Low,117555.18063181276,110832.08718448573,105144.55,100251.39488806264,95983.40305621637
26,38,2010-06-12,105144.55,12088.453,-0.5,105231.095,5,Low,117555.18063181276,110832.08718448573,105144.55,100251.39488806264,95983.40305621637
26,38,2010-06-19,105144.55,12088.453,-0.5,105231.095,5,Low,117555.18063181276,110832.08718448573,105144.55,100251.39488806264,95983.40305621637
26,38,2010-06-26,105144.55,12088.453,-0.5,105231.095,5,Low,117555.18063181276,110832.08718448573,105144.55,100251.39488806264,95983.40305621637
26,38,2010-07-03,105144.55,12088.453,-0.5,105231.095,5,Low,117555.18063181276,110832.08718448573,105144.55,100251.39488806264,95983.40305621637
27,90,2010-04-17,101246.48399999998,9917.996,-0.5,98448.8875,4,Medium,113197.01035342239,106723.16484126507,101246.48399999998,96534.7347866524,92424.97192480978
27,90,2010-04-24,101246.48399999998,9917.996,-0.5,98448.8875,4,Medium,113197.01035342239,106723.16484126507,101246.48399999998,96534.7347866524,92424.97192480978
27,90,2010-05-01,101246.48399999998,9917.996,-0.5,98448.8875,4,Medium,113197.01035342239,106723.16484126507,101246.48399999998,96534.7347866524,92424.97192480978
27,90,2010-05-08,101246.48399999998,9917.996,-0.5,98448.8875,4,Medium,113197.01035342239,106723.16484126507,101246.48399999998,96534.7347866524,92424.97192480978
27,90,2010-05-15,101246.48399999998,9917.996,-0.5,98448.8875,4,Medium,113197.01035342239,106723.16484126507,101246.48399999998,96534.7347866524,92424.97192480978
27,90,2010-05-22,101246.48399999998,9917.996,-0.5,98448.8875,4,Medium,113197.01035342239,106723.16484126507,101246.48399999998,96534.7347866524,92424.97192480978
27,90,2010-05-29,101246.48399999998,9917.996,-0.5,98448.8875,4,Medium,113197.01035342239,106723.16484126507,101246.48399999998,96534.7347866524,92424.97192480978
27,90,2010-06-05,101246.48399999998,9917.996,-0.5,98448.8875,4,Medium,113197.01035342239,106723.16484126507,101246.48399999998,96534.7347866524,92424.97192480978
27,90,2010-06-12,101246.48399999998,9917.996,-0.5,98448.8875,4,Medium,113197.01035342239,106723.16484126507,101246.48399999998,96534.7347866524,92424.97192480978
27,90,2010-06-19,101246.48399999998,9917.996,-0.5,98448.8875,4,Medium,113197.01035342239,106723.16484126507,101246.48399999998,96534.7347866524,92424.97192480978
27,90,2010-06-26,101246.48399999998,9917.996,-0.5,98448.8875,4,Medium,113197.01035342239,106723.16484126507,101246.48399999998,96534.7347866524,92424.97192480978
27,90,2010-07-03,101246.48399999998,9917.996,-0.5,98448.8875,4,Medium,113197.01035342239,106723.16484126507,101246.48399999998,96534.7347866524,92424.97192480978
41,92,2010-04-17,101167.668,9801.101,-0.5,99472.23125,4,Medium,113108.89138656511,106640.08548257715,101167.668,96459.58667921845,92353.02308965594
41,92,2010-04-24,101167.668,9801.101,-0.5,99472.23125,4,Medium,113108.89138656511,106640.08548257715,101167.668,96459.58667921845,92353.02308965594
41,92,2010-05-01,101167.668,9801.101,-0.5,99472.23125,4,Medium,113108.89138656511,106640.08548257715,101167.668,96459.58667921845,92353.02308965594
41,92,2010-05-08,101167.668,9801.101,-0.5,99472.23125,4,Medium,113108.89138656511,106640.08548257715,101167.668,96459.58667921845,92353.02308965594
41,92,2010-05-15,101167.668,9801.101,-0.5,99472.23125,4,Medium,113108.89138656511,106640.08548257715,101167.668,96459.58667921845,92353.02308965594
41,92,2010-05-22,101167.668,9801.101,-0.5,99472.23125,4,Medium,113108.89138656511,106640.08548257715,101167.668,96459.58667921845,92353.02308965594
41,92,2010-05-29,101167.668,9801.101,-0.5,99472.23125,4,Medium,113108.89138656511,106640.08548257715,101167.668,96459.58667921845,92353.02308965594
41,92,2010-06-05,101167.668,9801.101,-0.5,99472.23125,4,Medium,113108.89138656511,106640.08548257715,101167.668,96459.58667921845,92353.02308965594
41,92,2010-06-12,101167.668,9801.101,-0.5,99472.23125,4,Medium,113108.89138656511,106640.08548257715,101167.668,96459.58667921845,92353.02308965594
41,92,2010-06-19,101167.668,9801.101,-0.5,99472.23125,4,Medium,113108.89138656511,106640.08548257715,101167.668,96459.58667921845,92353.02308965594
41,92,2010-06-26,101167.668,9801.101,-0.5,99472.23125,4,Medium,113108.89138656511,106640.08548257715,101167.668,96459.58667921845,92353.02308965594
41,92,2010-07-03,101167.668,9801.101,-0.5,99472.23125,4,Medium,113108.89138656511,106640.08548257715,101167.668,96459.58667921845,92353.02308965594
6,38,2010-04-17,100940.26200000002,10545.202,-0.5,100920.49625,4,Medium,112854.64374931947,106400.37851138106,100940.26200000002,96242.76356564848,92145.43076313591
6,38,2010-04-24,100940.26200000002,10545.202,-0.5,100920.49625,4,Medium,112854.64374931947,106400.37851138106,100940.26200000002,96242.76356564848,92145.43076313591
6,38,2010-05-01,100940.26200000002,10545.202,-0.5,100920.49625,4,Medium,112854.64374931947,106400.37851138106,100940.26200000002,96242.76356564848,92145.43076313591
6,38,2010-05-08,100940.26200000002,10545.202,-0.5,100920.49625,4,Medium,112854.64374931947,106400.37851138106,100940.26200000002,96242.76356564848,92145.43076313591
6,38,2010-05-15,100940.26200000002,10545.202,-0.5,100920.49625,4,Medium,112854.64374931947,106400.37851138106,100940.26200000002,96242.76356564848,92145.43076313591
6,38,2010-05-22,100940.26200000002,10545.202,-0.5,100920.49625,4,Medium,112854.64374931947,106400.37851138106,100940.26200000002,96242.76356564848,92145.43076313591
6,38,2010-05-29,100940.26200000002,10545.202,-0.5,100920.49625,4,Medium,112854.64374931947,106400.37851138106,100940.26200000002,96242.76356564848,92145.43076313591
6,38,2010-06-05,100940.26200000002,10545.202,-0.5,100920.49625,4,Medium,112854.64374931947,106400.37851138106,100940.26200000002,96242.76356564848,92145.43076313591
6,38,2010-06-12,100940.26200000002,10545.202,-0.5,100920.49625,4,Medium,112854.64374931947,106400.37851138106,100940.26200000002,96242.76356564848,92145.43076313591
6,38,2010-06-19,100940.26200000002,10545.202,-0.5,100920.49625,4,Medium,112854.64374931947,106400.37851138106,100940.26200000002,96242.76356564848,92145.43076313591
6,38,2010-06-26,100940.26200000002,10545.202,-0.5,100920.49625,4,Medium,112854.64374931947,106400.37851138106,100940.26200000002,96242.76356564848,92145.43076313591
6,38,2010-07-03,100940.26200000002,10545.202,-0.5,100920.49625,4,Medium,112854.64374931947,106400.37851138106,100940.26200000002,96242.76356564848,92145.43076313591
6,92,2010-04-17,100837.263,9864.667,-0.5,98925.3175,4,Medium,112739.4873665122,106291.80803247448,100837.263,96144.55787241877,92051.40597030177
6,92,2010-04-24,100837.263,9864.667,-0.5,98925.3175,4,Medium,112739.4873665122,106291.80803247448,100837.263,96144.55787241877,92051.40597030177
6,92,2010-05-01,100837.263,9864.667,-0.5,98925.3175,4,Medium,112739.4873665122,106291.80803247448,100837.263,96144.55787241877,92051.40597030177
6,92,2010-05-08,100837.263,9864.667,-0.5,98925.3175,4,Medium,112739.4873665122,106291.80803247448,100837.263,96144.55787241877,92051.40597030177
6,92,2010-05-15,100837.263,9864.667,-0.5,98925.3175,4,Medium,112739.4873665122,106291.80803247448,100837.263,96144.55787241877,92051.40597030177
6,92,2010-05-22,100837.263,9864.667,-0.5,98925.3175,4,Medium,112739.4873665122,106291.80803247448,100837.263,96144.55787241877,92051.40597030177
6,92,2010-05-29,100837.263,9864.667,-0.5,98925.3175,4,Medium,112739.4873665122,106291.80803247448,100837.263,96144.55787241877,92051.40597030177
6,92,2010-06-05,100837.263,9864.667,-0.5,98925.3175,4,Medium,112739.4873665122,106291.80803247448,100837.263,96144.55787241877,92051.40597030177
6,92,2010-06-12,100837.263,9864.667,-0.5,98925.3175,4,Medium,112739.4873665122,106291.80803247448,100837.263,96144.55787241877,92051.40597030177
6,92,2010-06-19,100837.263,9864.667,-0.5,98925.3175,4,Medium,112739.4873665122,106291.80803247448,100837.263,96144.55787241877,92051.40597030177
6,92,2010-06-26,100837.263,9864.667,-0.5,98925.3175,4,Medium,112739.4873665122,106291.80803247448,100837.263,96144.55787241877,92051.40597030177
6,92,2010-07-03,100837.263,9864.667,-0.5,98925.3175,4,Medium,112739.4873665122,106291.80803247448,100837.263,96144.55787241877,92051.40597030177
4,72,2010-04-17,100826.104,6307.426,-0.5,91895.155,4,Medium,112727.01122523173,106280.04541367124,100826.104,96133.91818338537,92041.2192436031
4,72,2010-04-24,100826.104,6307.426,-0.5,91895.155,4,Medium,112727.01122523173,106280.04541367124,100826.104,96133.91818338537,92041.2192436031
4,72,2010-05-01,100826.104,6307.426,-0.5,91895.155,4,Medium,112727.01122523173,106280.04541367124,100826.104,96133.91818338537,92041.2192436031
4,72,2010-05-08,100826.104,6307.426,-0.5,91895.155,4,Medium,112727.01122523173,106280.04541367124,100826.104,96133.91818338537,92041.2192436031
4,72,2010-05-15,100826.104,6307.426,-0.5,91895.155,4,Medium,112727.01122523173,106280.04541367124,100826.104,96133.91818338537,92041.2192436031
4,72,2010-05-22,100826.104,6307.426,-0.5,91895.155,4,Medium,112727.01122523173,106280.04541367124,100826.104,96133.91818338537,92041.2192436031
4,72,2010-05-29,100826.104,6307.426,-0.5,91895.155,4,Medium,112727.01122523173,106280.04541367124,100826.104,96133.91818338537,92041.2192436031
4,72,2010-06-05,100826.104,6307.426,-0.5,91895.155,4,Medium,112727.01122523173,106280.04541367124,100826.104,96133.91818338537,92041.2192436031
4,72,2010-06-12,100826.104,6307.426,-0.5,91895.155,4,Medium,112727.01122523173,106280.04541367124,100826.104,96133.91818338537,92041.2192436031
4,72,2010-06-19,100826.104,6307.426,-0.5,91895.155,4,Medium,112727.01122523173,106280.04541367124,100826.104,96133.91818338537,92041.2192436031
4,72,2010-06-26,100826.104,6307.426,-0.5,91895.155,4,Medium,112727.01122523173,106280.04541367124,100826.104,96133.91818338537,92041.2192436031
4,72,2010-07-03,100826.104,6307.426,-0.5,91895.155,4,Medium,112727.01122523173,106280.04541367124,100826.104,96133.91818338537,92041.2192436031
28,92,2010-04-17,100646.01,10001.591,-0.5,96247.6725,4,Medium,112525.66001206181,106090.20966936108,100646.01,95962.20529183776,91876.8166664842
28,92,2010-04-24,100646.01,10001.591,-0.5,96247.6725,4,Medium,112525.66001206181,106090.20966936108,100646.01,95962.20529183776,91876.8166664842
28,92,2010-05-01,100646.01,10001.591,-0.5,96247.6725,4,Medium,112525.66001206181,106090.20966936108,100646.01,95962.20529183776,91876.8166664842
28,92,2010-05-08,100646.01,10001.591,-0.5,96247.6725,4,Medium,112525.66001206181,106090.20966936108,100646.01,95962.20529183776,91876.8166664842
28,92,2010-05-15,100646.01,10001.591,-0.5,96247.6725,4,Medium,112525.66001206181,106090.20966936108,100646.01,95962.20529183776,91876.8166664842
28,92,2010-05-22,100646.01,10001.591,-0.5,96247.6725,4,Medium,112525.66001206181,106090.20966936108,100646.01,95962.20529183776,91876.8166664842
28,92,2010-05-29,100646.01,10001.591,-0.5,96247.6725,4,Medium,112525.66001206181,106090.20966936108,100646.01,95962.20529183776,91876.8166664842
28,92,2010-06-05,100646.01,10001.591,-0.5,96247.6725,4,Medium,112525.66001206181,106090.20966936108,100646.01,95962.20529183776,91876.8166664842
28,92,2010-06-12,100646.01,10001.591,-0.5,96247.6725,4,Medium,112525.66001206181,106090.20966936108,100646.01,95962.20529183776,91876.8166664842
28,92,2010-06-19,100646.01,10001.591,-0.5,96247.6725,4,Medium,112525.66001206181,106090.20966936108,100646.01,95962.20529183776,91876.8166664842
28,92,2010-06-26,100646.01,10001.591,-0.5,96247.6725,4,Medium,112525.66001206181,106090.20966936108,100646.01,95962.20529183776,91876.8166664842
28,92,2010-07-03,100646.01,10001.591,-0.5,96247.6725,4,Medium,112525.66001206181,106090.20966936108,100646.01,95962.20529183776,91876.8166664842
10,8,2010-04-24,91151.49545454548,8498.452,-0.5,89406.13249999999,4,Medium,101910.4700435634,96082.11258894959,91151.49545454548,86909.54086969877,83209.55035130696
10,8,2010-05-01,91151.49545454548,8498.452,-0.5,89406.13249999999,4,Medium,101910.4700435634,96082.11258894959,91151.49545454548,86909.54086969877,83209.55035130696
10,8,2010-05-08,91151.49545454548,8498.452,-0.5,89406.13249999999,4,Medium,101910.4700435634,96082.11258894959,91151.49545454548,86909.54086969877,83209.55035130696
10,8,2010-05-15,91151.49545454548,8498.452,-0.5,89406.13249999999,4,Medium,101910.4700435634,96082.11258894959,91151.49545454548,86909.54086969877,83209.55035130696
10,8,2010-05-22,91151.49545454548,8498.452,-0.5,89406.13249999999,4,Medium,101910.4700435634,96082.11258894959,91151.49545454548,86909.54086969877,83209.55035130696
10,8,2010-05-29,91151.49545454548,8498.452,-0.5,89406.13249999999,4,Medium,101910.4700435634,96082.11258894959,91151.49545454548,86909.54086969877,83209.55035130696
10,8,2010-06-05,91151.49545454548,8498.452,-0.5,89406.13249999999,4,Medium,101910.4700435634,96082.11258894959,91151.49545454548,86909.54086969877,83209.55035130696
10,8,2010-06-12,91151.49545454548,8498.452,-0.5,89406.13249999999,4,Medium,101910.4700435634,96082.11258894959,91151.49545454548,86909.54086969877,83209.55035130696
10,8,2010-06-19,91151.49545454548,8498.452,-0.5,89406.13249999999,4,Medium,101910.4700435634,96082.11258894959,91151.49545454548,86909.54086969877,83209.55035130696
10,8,2010-06-26,91151.49545454548,8498.452,-0.5,89406.13249999999,4,Medium,101910.4700435634,96082.11258894959,91151.49545454548,86909.54086969877,83209.55035130696
10,8,2010-07-03,91151.49545454548,8498.452,-0.5,89406.13249999999,4,Medium,101910.4700435634,96082.11258894959,91151.49545454548,86909.54086969877,83209.55035130696
10,8,2010-07-10,91151.49545454548,8498.452,-0.5,89406.13249999999,4,Medium,101910.4700435634,96082.11258894959,91151.49545454548,86909.54086969877,83209.55035130696
31,95,2010-04-17,99912.759,10124.615,-0.5,97695.405,4,Medium,111705.86047177696,105317.29525049574,99912.759,95263.07789481085,91207.45314479551
31,95,2010-04-24,99912.759,10124.615,-0.5,97695.405,4,Medium,111705.86047177696,105317.29525049574,99912.759,95263.07789481085,91207.45314479551
31,95,2010-05-01,99912.759,10124.615,-0.5,97695.405,4,Medium,111705.86047177696,105317.29525049574,99912.759,95263.07789481085,91207.45314479551
31,95,2010-05-08,99912.759,10124.615,-0.5,97695.405,4,Medium,111705.86047177696,105317.29525049574,99912.759,95263.07789481085,91207.45314479551
31,95,2010-05-15,99912.759,10124.615,-0.5,97695.405,4,Medium,111705.86047177696,105317.29525049574,99912.759,95263.07789481085,91207.45314479551
31,95,2010-05-22,99912.759,10124.615,-0.5,97695.405,4,Medium,111705.86047177696,105317.29525049574,99912.759,95263.07789481085,91207.45314479551
31,95,2010-05-29,99912.759,10124.615,-0.5,97695.405,4,Medium,111705.86047177696,105317.29525049574,99912.759,95263.07789481085,91207.45314479551
31,95,2010-06-05,99912.759,10124.615,-0.5,97695.405,4,Medium,111705.86047177696,105317.29525049574,99912.759,95263.07789481085,91207.45314479551
31,95,2010-06-12,99912.759,10124.615,-0.5,97695.405,4,Medium,111705.86047177696,105317.29525049574,99912.759,95263.07789481085,91207.45314479551
31,95,2010-06-19,99912.759,10124.615,-0.5,97695.405,4,Medium,111705.86047177696,105317.29525049574,99912.759,95263.07789481085,91207.45314479551
31,95,2010-06-26,99912.759,10124.615,-0.5,97695.405,4,Medium,111705.86047177696,105317.29525049574,99912.759,95263.07789481085,91207.45314479551
31,95,2010-07-03,99912.759,10124.615,-0.5,97695.405,4,Medium,111705.86047177696,105317.29525049574,99912.759,95263.07789481085,91207.45314479551
28,95,2010-04-17,98965.852,9968.376,-0.5,98265.755,4,Medium,110647.18626159176,104319.16763304335,98965.852,94360.23749481607,90343.04927186294
28,95,2010-04-24,98965.852,9968.376,-0.5,98265.755,4,Medium,110647.18626159176,104319.16763304335,98965.852,94360.23749481607,90343.04927186294
28,95,2010-05-01,98965.852,9968.376,-0.5,98265.755,4,Medium,110647.18626159176,104319.16763304335,98965.852,94360.23749481607,90343.04927186294
28,95,2010-05-08,98965.852,9968.376,-0.5,98265.755,4,Medium,110647.18626159176,104319.16763304335,98965.852,94360.23749481607,90343.04927186294
28,95,2010-05-15,98965.852,9968.376,-0.5,98265.755,4,Medium,110647.18626159176,104319.16763304335,98965.852,94360.23749481607,90343.04927186294
28,95,2010-05-22,98965.852,9968.376,-0.5,98265.755,4,Medium,110647.18626159176,104319.16763304335,98965.852,94360.23749481607,90343.04927186294
28,95,2010-05-29,98965.852,9968.376,-0.5,98265.755,4,Medium,110647.18626159176,104319.16763304335,98965.852,94360.23749481607,90343.04927186294
28,95,2010-06-05,98965.852,9968.376,-0.5,98265.755,4,Medium,110647.18626159176,104319.16763304335,98965.852,94360.23749481607,90343.04927186294
28,95,2010-06-12,98965.852,9968.376,-0.5,98265.755,4,Medium,110647.18626159176,104319.16763304335,98965.852,94360.23749481607,90343.04927186294
28,95,2010-06-19,98965.852,9968.376,-0.5,98265.755,4,Medium,110647.18626159176,104319.16763304335,98965.852,94360.23749481607,90343.04927186294
28,95,2010-06-26,98965.852,9968.376,-0.5,98265.755,4,Medium,110647.18626159176,104319.16763304335,98965.852,94360.23749481607,90343.04927186294
28,95,2010-07-03,98965.852,9968.376,-0.5,98265.755,4,Medium,110647.18626159176,104319.16763304335,98965.852,94360.23749481607,90343.04927186294
19,95,2010-04-17,98931.76,9872.615,-0.5,97765.08,4,Medium,110609.0702468473,104283.23150971322,98931.76,94327.73204822351,90311.92767614548
19,95,2010-04-24,98931.76,9872.615,-0.5,97765.08,4,Medium,110609.0702468473,104283.23150971322,98931.76,94327.73204822351,90311.92767614548
19,95,2010-05-01,98931.76,9872.615,-0.5,97765.08,4,Medium,110609.0702468473,104283.23150971322,98931.76,94327.73204822351,90311.92767614548
19,95,2010-05-08,98931.76,9872.615,-0.5,97765.08,4,Medium,110609.0702468473,104283.23150971322,98931.76,94327.73204822351,90311.92767614548
19,95,2010-05-15,98931.76,9872.615,-0.5,97765.08,4,Medium,110609.0702468473,104283.23150971322,98931.76,94327.73204822351,90311.92767614548
19,95,2010-05-22,98931.76,9872.615,-0.5,97765.08,4,Medium,110609.0702468473,104283.23150971322,98931.76,94327.73204822351,90311.92767614548
19,95,2010-05-29,98931.76,9872.615,-0.5,97765.08,4,Medium,110609.0702468473,104283.23150971322,98931.76,94327.73204822351,90311.92767614548
19,95,2010-06-05,98931.76,9872.615,-0.5,97765.08,4,Medium,110609.0702468473,104283.23150971322,98931.76,94327.73204822351,90311.92767614548
19,95,2010-06-12,98931.76,9872.615,-0.5,97765.08,4,Medium,110609.0702468473,104283.23150971322,98931.76,94327.73204822351,90311.92767614548
19,95,2010-06-19,98931.76,9872.615,-0.5,97765.08,4,Medium,110609.0702468473,104283.23150971322,98931.76,94327.73204822351,90311.92767614548
19,95,2010-06-26,98931.76,9872.615,-0.5,97765.08,4,Medium,110609.0702468473,104283.23150971322,98931.76,94327.73204822351,90311.92767614548
19,95,2010-07-03,98931.76,9872.615,-0.5,97765.08,4,Medium,110609.0702468473,104283.23150971322,98931.76,94327.73204822351,90311.92767614548
2,90,2010-04-17,98372.60199999998,9410.97,-0.5,96319.37625,4,Medium,109983.91259776587,103693.82722574507,98372.60199999998,93794.59581374611,89801.48859312969
2,90,2010-04-24,98372.60199999998,9410.97,-0.5,96319.37625,4,Medium,109983.91259776587,103693.82722574507,98372.60199999998,93794.59581374611,89801.48859312969
2,90,2010-05-01,98372.60199999998,9410.97,-0.5,96319.37625,4,Medium,109983.91259776587,103693.82722574507,98372.60199999998,93794.59581374611,89801.48859312969
2,90,2010-05-08,98372.60199999998,9410.97,-0.5,96319.37625,4,Medium,109983.91259776587,103693.82722574507,98372.60199999998,93794.59581374611,89801.48859312969
2,90,2010-05-15,98372.60199999998,9410.97,-0.5,96319.37625,4,Medium,109983.91259776587,103693.82722574507,98372.60199999998,93794.59581374611,89801.48859312969
2,90,2010-05-22,98372.60199999998,9410.97,-0.5,96319.37625,4,Medium,109983.91259776587,103693.82722574507,98372.60199999998,93794.59581374611,89801.48859312969
2,90,2010-05-29,98372.60199999998,9410.97,-0.5,96319.37625,4,Medium,109983.91259776587,103693.82722574507,98372.60199999998,93794.59581374611,89801.48859312969
2,90,2010-06-05,98372.60199999998,9410.97,-0.5,96319.37625,4,Medium,109983.91259776587,103693.82722574507,98372.60199999998,93794.59581374611,89801.48859312969
2,90,2010-06-12,98372.60199999998,9410.97,-0.5,96319.37625,4,Medium,109983.91259776587,103693.82722574507,98372.60199999998,93794.59581374611,89801.48859312969
2,90,2010-06-19,98372.60199999998,9410.97,-0.5,96319.37625,4,Medium,109983.91259776587,103693.82722574507,98372.60199999998,93794.59581374611,89801.48859312969
2,90,2010-06-26,98372.60199999998,9410.97,-0.5,96319.37625,4,Medium,109983.91259776587,103693.82722574507,98372.60199999998,93794.59581374611,89801.48859312969
2,90,2010-07-03,98372.60199999998,9410.97,-0.5,96319.37625,4,Medium,109983.91259776587,103693.82722574507,98372.60199999998,93794.59581374611,89801.48859312969
1,38,2010-04-17,97486.455,9869.046,-0.5,95645.48125,4,Medium,108993.17013273714,102759.74627183667,97486.455,92949.68780067391,88992.55075785382
1,38,2010-04-24,97486.455,9869.046,-0.5,95645.48125,4,Medium,108993.17013273714,102759.74627183667,97486.455,92949.68780067391,88992.55075785382
1,38,2010-05-01,97486.455,9869.046,-0.5,95645.48125,4,Medium,108993.17013273714,102759.74627183667,97486.455,92949.68780067391,88992.55075785382
1,38,2010-05-08,97486.455,9869.046,-0.5,95645.48125,4,Medium,108993.17013273714,102759.74627183667,97486.455,92949.68780067391,88992.55075785382
1,38,2010-05-15,97486.455,9869.046,-0.5,95645.48125,4,Medium,108993.17013273714,102759.74627183667,97486.455,92949.68780067391,88992.55075785382
1,38,2010-05-22,97486.455,9869.046,-0.5,95645.48125,4,Medium,108993.17013273714,102759.74627183667,97486.455,92949.68780067391,88992.55075785382
1,38,2010-05-29,97486.455,9869.046,-0.5,95645.48125,4,Medium,108993.17013273714,102759.74627183667,97486.455,92949.68780067391,88992.55075785382
1,38,2010-06-05,97486.455,9869.046,-0.5,95645.48125,4,Medium,108993.17013273714,102759.74627183667,97486.455,92949.68780067391,88992.55075785382
1,38,2010-06-12,97486.455,9869.046,-0.5,95645.48125,4,Medium,108993.17013273714,102759.74627183667,97486.455,92949.68780067391,88992.55075785382
1,38,2010-06-19,97486.455,9869.046,-0.5,95645.48125,4,Medium,108993.17013273714,102759.74627183667,97486.455,92949.68780067391,88992.55075785382
1,38,2010-06-26,97486.455,9869.046,-0.5,95645.48125,4,Medium,108993.17013273714,102759.74627183667,97486.455,92949.68780067391,88992.55075785382
1,38,2010-07-03,97486.455,9869.046,-0.5,95645.48125,4,Medium,108993.17013273714,102759.74627183667,97486.455,92949.68780067391,88992.55075785382
39,92,2010-04-17,97135.353,9518.203,-0.5,96587.425,4,Medium,108600.62616321907,102389.65226815653,97135.353,92614.9251786646,88672.03994887852
39,92,2010-04-24,97135.353,9518.203,-0.5,96587.425,4,Medium,108600.62616321907,102389.65226815653,97135.353,92614.9251786646,88672.03994887852
39,92,2010-05-01,97135.353,9518.203,-0.5,96587.425,4,Medium,108600.62616321907,102389.65226815653,97135.353,92614.9251786646,88672.03994887852
39,92,2010-05-08,97135.353,9518.203,-0.5,96587.425,4,Medium,108600.62616321907,102389.65226815653,97135.353,92614.9251786646,88672.03994887852
39,92,2010-05-15,97135.353,9518.203,-0.5,96587.425,4,Medium,108600.62616321907,102389.65226815653,97135.353,92614.9251786646,88672.03994887852
39,92,2010-05-22,97135.353,9518.203,-0.5,96587.425,4,Medium,108600.62616321907,102389.65226815653,97135.353,92614.9251786646,88672.03994887852
39,92,2010-05-29,97135.353,9518.203,-0.5,96587.425,4,Medium,108600.62616321907,102389.65226815653,97135.353,92614.9251786646,88672.03994887852
39,92,2010-06-05,97135.353,9518.203,-0.5,96587.425,4,Medium,108600.62616321907,102389.65226815653,97135.353,92614.9251786646,88672.03994887852
39,92,2010-06-12,97135.353,9518.203,-0.5,96587.425,4,Medium,108600.62616321907,102389.65226815653,97135.353,92614.9251786646,88672.03994887852
39,92,2010-06-19,97135.353,9518.203,-0.5,96587.425,4,Medium,108600.62616321907,102389.65226815653,97135.353,92614.9251786646,88672.03994887852
39,92,2010-06-26,97135.353,9518.203,-0.5,96587.425,4,Medium,108600.62616321907,102389.65226815653,97135.353,92614.9251786646,88672.03994887852
39,92,2010-07-03,97135.353,9518.203,-0.5,96587.425,4,Medium,108600.62616321907,102389.65226815653,97135.353,92614.9251786646,88672.03994887852
32,92,2010-04-17,97074.148,9197.5,-0.5,95679.01,4,Medium,108532.19689293763,102325.13653342632,97074.148,92556.56850088983,88616.16768365835
32,92,2010-04-24,97074.148,9197.5,-0.5,95679.01,4,Medium,108532.19689293763,102325.13653342632,97074.148,92556.56850088983,88616.16768365835
32,92,2010-05-01,97074.148,9197.5,-0.5,95679.01,4,Medium,108532.19689293763,102325.13653342632,97074.148,92556.56850088983,88616.16768365835
32,92,2010-05-08,97074.148,9197.5,-0.5,95679.01,4,Medium,108532.19689293763,102325.13653342632,97074.148,92556.56850088983,88616.16768365835
32,92,2010-05-15,97074.148,9197.5,-0.5,95679.01,4,Medium,108532.19689293763,102325.13653342632,97074.148,92556.56850088983,88616.16768365835
32,92,2010-05-22,97074.148,9197.5,-0.5,95679.01,4,Medium,108532.19689293763,102325.13653342632,97074.148,92556.56850088983,88616.16768365835
32,92,2010-05-29,97074.148,9197.5,-0.5,95679.01,4,Medium,108532.19689293763,102325.13653342632,97074.148,92556.56850088983,88616.16768365835
32,92,2010-06-05,97074.148,9197.5,-0.5,95679.01,4,Medium,108532.19689293763,102325.13653342632,97074.148,92556.56850088983,88616.16768365835
32,92,2010-06-12,97074.148,9197.5,-0.5,95679.01,4,Medium,108532.19689293763,102325.13653342632,97074.148,92556.56850088983,88616.16768365835
32,92,2010-06-19,97074.148,9197.5,-0.5,95679.01,4,Medium,108532.19689293763,102325.13653342632,97074.148,92556.56850088983,88616.16768365835
32,92,2010-06-26,97074.148,9197.5,-0.5,95679.01,4,Medium,108532.19689293763,102325.13653342632,97074.148,92556.56850088983,88616.16768365835
32,92,2010-07-03,97074.148,9197.5,-0.5,95679.01,4,Medium,108532.19689293763,102325.13653342632,97074.148,92556.56850088983,88616.16768365835
40,92,2010-04-17,96743.406,9231.864,-0.5,94320.40125,4,Medium,108162.41609543051,101976.50385413319,96743.406,92241.21837719757,88314.24292680106
40,92,2010-04-24,96743.406,9231.864,-0.5,94320.40125,4,Medium,108162.41609543051,101976.50385413319,96743.406,92241.21837719757,88314.24292680106
40,92,2010-05-01,96743.406,9231.864,-0.5,94320.40125,4,Medium,108162.41609543051,101976.50385413319,96743.406,92241.21837719757,88314.24292680106
40,92,2010-05-08,96743.406,9231.864,-0.5,94320.40125,4,Medium,108162.41609543051,101976.50385413319,96743.406,92241.21837719757,88314.24292680106
40,92,2010-05-15,96743.406,9231.864,-0.5,94320.40125,4,Medium,108162.41609543051,101976.50385413319,96743.406,92241.21837719757,88314.24292680106
40,92,2010-05-22,96743.406,9231.864,-0.5,94320.40125,4,Medium,108162.41609543051,101976.50385413319,96743.406,92241.21837719757,88314.24292680106
40,92,2010-05-29,96743.406,9231.864,-0.5,94320.40125,4,Medium,108162.41609543051,101976.50385413319,96743.406,92241.21837719757,88314.24292680106
40,92,2010-06-05,96743.406,9231.864,-0.5,94320.40125,4,Medium,108162.41609543051,101976.50385413319,96743.406,92241.21837719757,88314.24292680106
40,92,2010-06-12,96743.406,9231.864,-0.5,94320.40125,4,Medium,108162.41609543051,101976.50385413319,96743.406,92241.21837719757,88314.24292680106
40,92,2010-06-19,96743.406,9231.864,-0.5,94320.40125,4,Medium,108162.41609543051,101976.50385413319,96743.406,92241.21837719757,88314.24292680106
40,92,2010-06-26,96743.406,9231.864,-0.5,94320.40125,4,Medium,108162.41609543051,101976.50385413319,96743.406,92241.21837719757,88314.24292680106
40,92,2010-07-03,96743.406,9231.864,-0.5,94320.40125,4,Medium,108162.41609543051,101976.50385413319,96743.406,92241.21837719757,88314.24292680106
20,90,2010-04-17,95053.865,8341.597,-0.5,91681.2675,4,Medium,106273.45183204404,100195.57126738701,95053.865,90630.30424070098,86771.91006425134
20,90,2010-04-24,95053.865,8341.597,-0.5,91681.2675,4,Medium,106273.45183204404,100195.57126738701,95053.865,90630.30424070098,86771.91006425134
20,90,2010-05-01,95053.865,8341.597,-0.5,91681.2675,4,Medium,106273.45183204404,100195.57126738701,95053.865,90630.30424070098,86771.91006425134
20,90,2010-05-08,95053.865,8341.597,-0.5,91681.2675,4,Medium,106273.45183204404,100195.57126738701,95053.865,90630.30424070098,86771.91006425134
20,90,2010-05-15,95053.865,8341.597,-0.5,91681.2675,4,Medium,106273.45183204404,100195.57126738701,95053.865,90630.30424070098,86771.91006425134
20,90,2010-05-22,95053.865,8341.597,-0.5,91681.2675,4,Medium,106273.45183204404,100195.57126738701,95053.865,90630.30424070098,86771.91006425134
20,90,2010-05-29,95053.865,8341.597,-0.5,91681.2675,4,Medium,106273.45183204404,100195.57126738701,95053.865,90630.30424070098,86771.91006425134
20,90,2010-06-05,95053.865,8341.597,-0.5,91681.2675,4,Medium,106273.45183204404,100195.57126738701,95053.865,90630.30424070098,86771.91006425134
20,90,2010-06-12,95053.865,8341.597,-0.5,91681.2675,4,Medium,106273.45183204404,100195.57126738701,95053.865,90630.30424070098,86771.91006425134
20,90,2010-06-19,95053.865,8341.597,-0.5,91681.2675,4,Medium,106273.45183204404,100195.57126738701,95053.865,90630.30424070098,86771.91006425134
20,90,2010-06-26,95053.865,8341.597,-0.5,91681.2675,4,Medium,106273.45183204404,100195.57126738701,95053.865,90630.30424070098,86771.91006425134
20,90,2010-07-03,95053.865,8341.597,-0.5,91681.2675,4,Medium,106273.45183204404,100195.57126738701,95053.865,90630.30424070098,86771.91006425134
4,2,2010-04-24,83632.46818181819,8464.508,-0.5,82017.81375,4,Medium,93503.94199031686,88156.36193203549,83632.46818181819,79740.42965763598,76345.64893835815
4,2,2010-05-01,83632.46818181819,8464.508,-0.5,82017.81375,4,Medium,93503.94199031686,88156.36193203549,83632.46818181819,79740.42965763598,76345.64893835815
4,2,2010-05-08,83632.46818181819,8464.508,-0.5,82017.81375,4,Medium,93503.94199031686,88156.36193203549,83632.46818181819,79740.42965763598,76345.64893835815
4,2,2010-05-15,83632.46818181819,8464.508,-0.5,82017.81375,4,Medium,93503.94199031686,88156.36193203549,83632.46818181819,79740.42965763598,76345.64893835815
4,2,2010-05-22,83632.46818181819,8464.508,-0.5,82017.81375,4,Medium,93503.94199031686,88156.36193203549,83632.46818181819,79740.42965763598,76345.64893835815
4,2,2010-05-29,83632.46818181819,8464.508,-0.5,82017.81375,4,Medium,93503.94199031686,88156.36193203549,83632.46818181819,79740.42965763598,76345.64893835815
4,2,2010-06-05,83632.46818181819,8464.508,-0.5,82017.81375,4,Medium,93503.94199031686,88156.36193203549,83632.46818181819,79740.42965763598,76345.64893835815
4,2,2010-06-12,83632.46818181819,8464.508,-0.5,82017.81375,4,Medium,93503.94199031686,88156.36193203549,83632.46818181819,79740.42965763598,76345.64893835815
4,2,2010-06-19,83632.46818181819,8464.508,-0.5,82017.81375,4,Medium,93503.94199031686,88156.36193203549,83632.46818181819,79740.42965763598,76345.64893835815
4,2,2010-06-26,83632.46818181819,8464.508,-0.5,82017.81375,4,Medium,93503.94199031686,88156.36193203549,83632.46818181819,79740.42965763598,76345.64893835815
4,2,2010-07-03,83632.46818181819,8464.508,-0.5,82017.81375,4,Medium,93503.94199031686,88156.36193203549,83632.46818181819,79740.42965763598,76345.64893835815
4,2,2010-07-10,83632.46818181819,8464.508,-0.5,82017.81375,4,Medium,93503.94199031686,88156.36193203549,83632.46818181819,79740.42965763598,76345.64893835815
10,38,2010-04-17,90918.587,8446.921,-0.5,88216.7025,4,Medium,101650.07047511433,95836.60552139174,90918.587,86687.47137157065,82996.93499399324
10,38,2010-04-24,90918.587,8446.921,-0.5,88216.7025,4,Medium,101650.07047511433,95836.60552139174,90918.587,86687.47137157065,82996.93499399324
10,38,2010-05-01,90918.587,8446.921,-0.5,88216.7025,4,Medium,101650.07047511433,95836.60552139174,90918.587,86687.47137157065,82996.93499399324
10,38,2010-05-08,90918.587,8446.921,-0.5,88216.7025,4,Medium,101650.07047511433,95836.60552139174,90918.587,86687.47137157065,82996.93499399324
10,38,2010-05-15,90918.587,8446.921,-0.5,88216.7025,4,Medium,101650.07047511433,95836.60552139174,90918.587,86687.47137157065,82996.93499399324
10,38,2010-05-22,90918.587,8446.921,-0.5,88216.7025,4,Medium,101650.07047511433,95836.60552139174,90918.587,86687.47137157065,82996.93499399324
10,38,2010-05-29,90918.587,8446.921,-0.5,88216.7025,4,Medium,101650.07047511433,95836.60552139174,90918.587,86687.47137157065,82996.93499399324
10,38,2010-06-05,90918.587,8446.921,-0.5,88216.7025,4,Medium,101650.07047511433,95836.60552139174,90918.587,86687.47137157065,82996.93499399324
10,38,2010-06-12,90918.587,8446.921,-0.5,88216.7025,4,Medium,101650.07047511433,95836.60552139174,90918.587,86687.47137157065,82996.93499399324
10,38,2010-06-19,90918.587,8446.921,-0.5,88216.7025,4,Medium,101650.07047511433,95836.60552139174,90918.587,86687.47137157065,82996.93499399324
10,38,2010-06-26,90918.587,8446.921,-0.5,88216.7025,4,Medium,101650.07047511433,95836.60552139174,90918.587,86687.47137157065,82996.93499399324
10,38,2010-07-03,90918.587,8446.921,-0.5,88216.7025,4,Medium,101650.07047511433,95836.60552139174,90918.587,86687.47137157065,82996.93499399324
24,95,2010-04-17,90178.565,9229.42,-0.5,88601.45,4,Medium,100822.70072669166,95056.55384184736,90178.565,85981.88807935195,82321.39042324311
24,95,2010-04-24,90178.565,9229.42,-0.5,88601.45,4,Medium,100822.70072669166,95056.55384184736,90178.565,85981.88807935195,82321.39042324311
24,95,2010-05-01,90178.565,9229.42,-0.5,88601.45,4,Medium,100822.70072669166,95056.55384184736,90178.565,85981.88807935195,82321.39042324311
24,95,2010-05-08,90178.565,9229.42,-0.5,88601.45,4,Medium,100822.70072669166,95056.55384184736,90178.565,85981.88807935195,82321.39042324311
24,95,2010-05-15,90178.565,9229.42,-0.5,88601.45,4,Medium,100822.70072669166,95056.55384184736,90178.565,85981.88807935195,82321.39042324311
24,95,2010-05-22,90178.565,9229.42,-0.5,88601.45,4,Medium,100822.70072669166,95056.55384184736,90178.565,85981.88807935195,82321.39042324311
24,95,2010-05-29,90178.565,9229.42,-0.5,88601.45,4,Medium,100822.70072669166,95056.55384184736,90178.565,85981.88807935195,82321.39042324311
24,95,2010-06-05,90178.565,9229.42,-0.5,88601.45,4,Medium,100822.70072669166,95056.55384184736,90178.565,85981.88807935195,82321.39042324311
24,95,2010-06-12,90178.565,9229.42,-0.5,88601.45,4,Medium,100822.70072669166,95056.55384184736,90178.565,85981.88807935195,82321.39042324311
24,95,2010-06-19,90178.565,9229.42,-0.5,88601.45,4,Medium,100822.70072669166,95056.55384184736,90178.565,85981.88807935195,82321.39042324311
24,95,2010-06-26,90178.565,9229.42,-0.5,88601.45,4,Medium,100822.70072669166,95056.55384184736,90178.565,85981.88807935195,82321.39042324311
24,95,2010-07-03,90178.565,9229.42,-0.5,88601.45,4,Medium,100822.70072669166,95056.55384184736,90178.565,85981.88807935195,82321.39042324311
